"iso","year","maternal_mortality","infant_mortality","neonatal_mortality","under5_mortality","earthquake","drought","armed_conflict"
"AFG",2000,1450,90.5,60.9,129.2,0,1,1
"AFG",2001,1390,87.9,59.7,125.2,1,0,1
"AFG",2002,1300,85.3,58.5,121.1,1,0,1
"AFG",2003,1240,82.7,57.2,116.9,1,0,1
"AFG",2004,1180,80,55.9,112.6,1,0,1
"AFG",2005,1140,77.3,54.6,108.4,1,0,1
"AFG",2006,1120,74.6,53.2,104.1,1,1,1
"AFG",2007,1090,71.9,51.7,99.9,NA,NA,1
"AFG",2008,1030,69.2,50.3,95.7,0,1,1
"AFG",2009,993,66.7,48.9,91.7,1,0,1
"AFG",2010,954,64.2,47.4,87.8,1,0,1
"AFG",2011,905,61.8,46,84,0,1,1
"AFG",2012,858,59.5,44.6,80.3,1,0,1
"AFG",2013,810,57.3,43.2,76.9,1,0,1
"AFG",2014,786,55.2,41.9,73.6,NA,NA,1
"AFG",2015,701,53.2,40.5,70.4,1,0,1
"AFG",2016,673,51.3,39.3,67.5,NA,NA,1
"AFG",2017,638,49.5,38.2,64.8,NA,NA,1
"AFG",2018,NA,47.9,37.2,62.3,0,1,1
"AFG",2019,NA,46.4,36.1,60.1,NA,NA,1
"AGO",2000,827,121.5,50.3,204.4,NA,NA,1
"AGO",2001,766,118.2,49.2,198.4,0,1,1
"AGO",2002,690,114.5,48,191.5,NA,NA,1
"AGO",2003,628,110.4,46.5,183.8,NA,NA,1
"AGO",2004,574,105.7,45.1,175.1,0,1,1
"AGO",2005,519,100.9,43.5,166.1,NA,NA,0
"AGO",2006,473,95.7,42,156.4,NA,NA,0
"AGO",2007,431,90.6,40.5,147,NA,NA,0
"AGO",2008,395,85.5,39,137.7,NA,NA,1
"AGO",2009,359,80.6,37.7,128.7,NA,NA,0
"AGO",2010,326,75.9,36.3,120.4,NA,NA,0
"AGO",2011,300,71.5,35.1,112.5,NA,NA,0
"AGO",2012,281,67.4,33.8,105.1,0,1,0
"AGO",2013,269,63.7,32.7,98.5,NA,NA,NA
"AGO",2014,258,60.5,31.7,92.9,NA,NA,0
"AGO",2015,251,57.7,30.8,88.1,NA,NA,0
"AGO",2016,246,55.5,30,84.1,NA,NA,0
"AGO",2017,241,53.5,29.2,80.6,0,1,0
"AGO",2018,NA,51.7,28.6,77.3,NA,NA,0
"AGO",2019,NA,49.9,27.9,74.2,NA,NA,0
"ALB",2000,23,24.1,12.1,27.2,NA,NA,0
"ALB",2001,23,22.9,11.8,25.8,NA,NA,NA
"ALB",2002,21,21.7,11.4,24.4,NA,NA,NA
"ALB",2003,21,20.4,11.1,23,NA,NA,NA
"ALB",2004,18,19.1,10.9,21.5,NA,NA,NA
"ALB",2005,22,17.8,10.6,20,NA,NA,NA
"ALB",2006,18,16.6,10,18.5,NA,NA,NA
"ALB",2007,19,15.3,9.2,17.1,NA,NA,NA
"ALB",2008,20,14.1,8.3,15.8,NA,NA,NA
"ALB",2009,20,12.9,7.4,14.5,1,0,NA
"ALB",2010,21,11.8,6.7,13.3,NA,NA,NA
"ALB",2011,22,10.8,6.2,12.1,NA,NA,NA
"ALB",2012,17,10,6,11.2,NA,NA,NA
"ALB",2013,16,9.3,5.9,10.4,NA,NA,NA
"ALB",2014,16,8.8,5.9,9.9,NA,NA,NA
"ALB",2015,15,8.5,6,9.6,NA,NA,NA
"ALB",2016,16,8.4,6.3,9.4,NA,NA,NA
"ALB",2017,15,8.4,6.7,9.4,NA,NA,NA
"ALB",2018,NA,8.5,7.1,9.5,NA,NA,NA
"ALB",2019,NA,8.6,7.5,9.7,1,0,NA
"AND",2000,NA,7.3,3.8,8.2,NA,NA,NA
"AND",2001,NA,6.9,3.6,7.7,NA,NA,NA
"AND",2002,NA,6.5,3.3,7.3,NA,NA,NA
"AND",2003,NA,6.2,3.2,6.9,NA,NA,NA
"AND",2004,NA,5.9,3,6.5,NA,NA,NA
"AND",2005,NA,5.6,2.9,6.1,NA,NA,NA
"AND",2006,NA,5.3,2.7,5.8,NA,NA,NA
"AND",2007,NA,5,2.6,5.4,NA,NA,NA
"AND",2008,NA,4.7,2.5,5.1,NA,NA,NA
"AND",2009,NA,4.4,2.3,4.8,NA,NA,NA
"AND",2010,NA,4.1,2.2,4.5,NA,NA,NA
"AND",2011,NA,3.9,2.1,4.2,NA,NA,NA
"AND",2012,NA,3.7,2,4,NA,NA,NA
"AND",2013,NA,3.5,1.9,3.8,NA,NA,NA
"AND",2014,NA,3.3,1.8,3.5,NA,NA,NA
"AND",2015,NA,3.1,1.7,3.3,NA,NA,NA
"AND",2016,NA,2.9,1.6,3.2,NA,NA,NA
"AND",2017,NA,2.8,1.5,3,NA,NA,NA
"AND",2018,NA,2.6,1.4,2.8,NA,NA,NA
"AND",2019,NA,2.5,1.4,2.7,NA,NA,NA
"ARE",2000,6,9.6,5.9,11.1,NA,NA,NA
"ARE",2001,6,9.3,5.7,10.9,NA,NA,NA
"ARE",2002,5,9.1,5.6,10.6,NA,NA,NA
"ARE",2003,5,8.9,5.5,10.3,NA,NA,NA
"ARE",2004,5,8.6,5.3,10.1,NA,NA,NA
"ARE",2005,5,8.4,5.2,9.8,NA,NA,NA
"ARE",2006,4,8.2,5.1,9.6,NA,NA,NA
"ARE",2007,4,8.1,5,9.4,NA,NA,NA
"ARE",2008,4,7.9,4.9,9.2,NA,NA,NA
"ARE",2009,4,7.6,4.8,8.9,NA,NA,NA
"ARE",2010,4,7.4,4.6,8.7,NA,NA,NA
"ARE",2011,4,7.2,4.5,8.4,NA,NA,0
"ARE",2012,4,7,4.4,8.2,NA,NA,NA
"ARE",2013,3,6.8,4.3,8,NA,NA,NA
"ARE",2014,3,6.7,4.2,7.8,NA,NA,NA
"ARE",2015,3,6.5,4.1,7.6,NA,NA,NA
"ARE",2016,3,6.3,4,7.4,NA,NA,NA
"ARE",2017,3,6.2,3.9,7.2,NA,NA,NA
"ARE",2018,NA,6,3.8,7,NA,NA,NA
"ARE",2019,NA,5.8,3.7,6.8,NA,NA,NA
"ARG",2000,66,17.5,11,19.6,NA,NA,NA
"ARG",2001,67,16.9,11,18.9,NA,NA,NA
"ARG",2002,65,16.4,10.8,18.3,1,0,NA
"ARG",2003,65,15.8,10.3,17.7,0,1,NA
"ARG",2004,61,15.3,9.7,17.1,NA,NA,NA
"ARG",2005,59,14.8,9.1,16.5,NA,NA,NA
"ARG",2006,57,14.4,8.7,16.1,NA,NA,NA
"ARG",2007,56,14,8.4,15.7,NA,NA,NA
"ARG",2008,53,13.7,8.1,15.3,NA,NA,NA
"ARG",2009,56,13.3,7.8,14.9,0,1,NA
"ARG",2010,51,12.9,7.6,14.5,NA,NA,NA
"ARG",2011,48,12.4,7.5,13.9,NA,NA,NA
"ARG",2012,47,11.9,7.6,13.3,NA,NA,NA
"ARG",2013,44,11.3,7.4,12.7,NA,NA,NA
"ARG",2014,42,10.8,6.9,12.1,NA,NA,NA
"ARG",2015,41,10.2,6.5,11.5,NA,NA,NA
"ARG",2016,40,9.7,6.4,10.9,NA,NA,NA
"ARG",2017,39,9.2,6.3,10.3,NA,NA,NA
"ARG",2018,NA,8.6,6,9.7,0,1,NA
"ARG",2019,NA,8.1,5.3,9.1,0,1,NA
"ARM",2000,43,27,16.1,30.6,0,1,NA
"ARM",2001,42,25.7,15.3,29.1,NA,NA,NA
"ARM",2002,39,24.5,14.5,27.7,NA,NA,NA
"ARM",2003,38,23.3,13.8,26.3,NA,NA,NA
"ARM",2004,36,22.2,13.1,25,NA,NA,NA
"ARM",2005,35,21.1,12.5,23.7,NA,NA,NA
"ARM",2006,36,20,11.9,22.5,NA,NA,0
"ARM",2007,32,19,11.3,21.4,NA,NA,0
"ARM",2008,36,18.1,10.7,20.3,NA,NA,NA
"ARM",2009,32,17.2,10.1,19.2,NA,NA,NA
"ARM",2010,32,16.3,9.6,18.3,NA,NA,NA
"ARM",2011,30,15.5,9.1,17.3,NA,NA,NA
"ARM",2012,30,14.7,8.7,16.4,NA,NA,NA
"ARM",2013,26,14,8.2,15.6,NA,NA,0
"ARM",2014,27,13.3,7.8,14.8,NA,NA,0
"ARM",2015,28,12.6,7.4,14.1,NA,NA,NA
"ARM",2016,26,12,7,13.4,NA,NA,0
"ARM",2017,26,11.3,6.7,12.7,NA,NA,0
"ARM",2018,NA,10.8,6.4,12.1,NA,NA,NA
"ARM",2019,NA,10.2,6,11.5,NA,NA,0
"ATG",2000,44,12.6,9.7,15.5,NA,NA,NA
"ATG",2001,44,12.3,9.5,15.1,NA,NA,NA
"ATG",2002,43,11.9,9.3,14.6,NA,NA,NA
"ATG",2003,44,11.5,8.9,14.1,NA,NA,NA
"ATG",2004,41,11,8.6,13.5,NA,NA,NA
"ATG",2005,40,10.6,8.2,12.9,NA,NA,NA
"ATG",2006,46,10.1,7.7,12.3,NA,NA,NA
"ATG",2007,48,9.6,7.3,11.7,NA,NA,NA
"ATG",2008,50,9.2,6.8,11.1,NA,NA,NA
"ATG",2009,45,8.7,6.3,10.6,NA,NA,NA
"ATG",2010,44,8.3,5.8,10,NA,NA,NA
"ATG",2011,43,7.9,5.4,9.5,NA,NA,NA
"ATG",2012,44,7.5,5.1,9,NA,NA,NA
"ATG",2013,43,7.1,4.7,8.5,NA,NA,NA
"ATG",2014,42,6.8,4.5,8.1,NA,NA,NA
"ATG",2015,43,6.5,4.2,7.8,NA,NA,NA
"ATG",2016,43,6.2,4.1,7.4,NA,NA,NA
"ATG",2017,42,6,3.9,7.1,NA,NA,NA
"ATG",2018,NA,5.8,3.8,6.9,NA,NA,NA
"ATG",2019,NA,5.6,3.6,6.6,NA,NA,NA
"AUS",2000,7,5.1,3.5,6.2,NA,NA,NA
"AUS",2001,6,5,3.5,6.1,NA,NA,NA
"AUS",2002,6,5,3.4,6,0,1,NA
"AUS",2003,6,4.9,3.4,5.9,NA,NA,NA
"AUS",2004,5,4.8,3.3,5.8,NA,NA,NA
"AUS",2005,5,4.8,3.2,5.7,NA,NA,NA
"AUS",2006,5,4.7,3.1,5.6,0,1,NA
"AUS",2007,5,4.5,3,5.4,NA,NA,NA
"AUS",2008,5,4.4,2.9,5.2,NA,NA,NA
"AUS",2009,5,4.2,2.8,5,NA,NA,NA
"AUS",2010,5,4,2.7,4.8,NA,NA,NA
"AUS",2011,6,3.8,2.6,4.5,NA,NA,NA
"AUS",2012,6,3.6,2.5,4.3,NA,NA,NA
"AUS",2013,6,3.5,2.4,4.1,NA,NA,NA
"AUS",2014,6,3.4,2.4,4,NA,NA,NA
"AUS",2015,6,3.3,2.3,3.9,NA,NA,NA
"AUS",2016,6,3.2,2.3,3.8,NA,NA,NA
"AUS",2017,6,3.2,2.3,3.8,NA,NA,NA
"AUS",2018,NA,3.2,2.3,3.7,0,1,NA
"AUS",2019,NA,3.2,2.4,3.7,NA,NA,0
"AUT",2000,6,4.6,3.1,5.5,NA,NA,NA
"AUT",2001,6,4.5,3.1,5.4,NA,NA,NA
"AUT",2002,6,4.4,3.1,5.3,NA,NA,NA
"AUT",2003,6,4.3,3,5.2,NA,NA,NA
"AUT",2004,5,4.2,2.9,5.1,NA,NA,NA
"AUT",2005,6,4.1,2.8,4.9,NA,NA,NA
"AUT",2006,5,3.9,2.8,4.7,NA,NA,NA
"AUT",2007,5,3.8,2.7,4.6,NA,NA,NA
"AUT",2008,5,3.8,2.6,4.5,NA,NA,NA
"AUT",2009,5,3.7,2.6,4.5,NA,NA,NA
"AUT",2010,5,3.6,2.5,4.3,NA,NA,NA
"AUT",2011,5,3.5,2.4,4.2,NA,NA,NA
"AUT",2012,5,3.3,2.4,4,NA,NA,NA
"AUT",2013,5,3.2,2.3,3.9,NA,NA,NA
"AUT",2014,5,3.1,2.3,3.8,NA,NA,NA
"AUT",2015,5,3,2.2,3.7,NA,NA,NA
"AUT",2016,5,3,2.2,3.6,NA,NA,NA
"AUT",2017,5,2.9,2.2,3.6,NA,NA,NA
"AUT",2018,NA,2.9,2.2,3.6,NA,NA,NA
"AUT",2019,NA,2.9,2.3,3.6,NA,NA,NA
"AZE",2000,47,60.9,34.3,74.4,1,1,0
"AZE",2001,44,57.2,32.8,69.3,NA,NA,0
"AZE",2002,43,53.5,31.3,64.3,NA,NA,0
"AZE",2003,44,50.1,29.8,59.7,NA,NA,NA
"AZE",2004,39,47,28.3,55.6,NA,NA,NA
"AZE",2005,42,44.1,26.8,51.9,NA,NA,0
"AZE",2006,35,41.5,25.5,48.6,NA,NA,0
"AZE",2007,34,39.1,24.1,45.5,NA,NA,0
"AZE",2008,32,36.8,22.8,42.7,NA,NA,0
"AZE",2009,32,34.7,21.6,39.9,NA,NA,0
"AZE",2010,31,32.5,20.3,37.3,NA,NA,0
"AZE",2011,30,30.5,18.8,34.9,NA,NA,0
"AZE",2012,29,28.5,17.3,32.5,1,0,0
"AZE",2013,28,26.7,16,30.3,NA,NA,0
"AZE",2014,28,24.9,14.7,28.2,NA,NA,0
"AZE",2015,27,23.3,13.5,26.3,NA,NA,0
"AZE",2016,26,21.8,12.5,24.5,NA,NA,0
"AZE",2017,26,20.3,11.7,22.8,NA,NA,1
"AZE",2018,NA,19.2,10.9,21.5,NA,NA,0
"AZE",2019,NA,18.2,10.4,20.4,NA,NA,0
"BDI",2000,1010,94.7,36.6,154.5,NA,NA,1
"BDI",2001,956,91.9,36,149.4,NA,NA,1
"BDI",2002,925,88.9,35.4,143.8,NA,NA,1
"BDI",2003,890,85.7,34.8,138.1,0,1,1
"BDI",2004,844,82.3,34.1,131.9,1,0,1
"BDI",2005,814,78.4,33.2,124.9,0,1,1
"BDI",2006,785,74.4,32.3,117.6,NA,NA,1
"BDI",2007,756,70.4,31.3,110.5,NA,NA,1
"BDI",2008,733,66.5,30.2,103.6,0,1,1
"BDI",2009,698,62.9,29.2,97.1,0,1,1
"BDI",2010,665,59.4,28.2,91,0,1,NA
"BDI",2011,635,56.3,27.1,85.5,NA,NA,NA
"BDI",2012,608,53.4,26.1,80.3,NA,NA,0
"BDI",2013,591,50.7,25.2,75.5,NA,NA,0
"BDI",2014,576,48.2,24.4,71.3,NA,NA,0
"BDI",2015,568,46.2,23.6,67.6,NA,NA,1
"BDI",2016,558,44.4,23,64.4,NA,NA,1
"BDI",2017,548,42.7,22.4,61.5,NA,NA,0
"BDI",2018,NA,41.3,21.8,59,NA,NA,0
"BDI",2019,NA,39.9,21.3,56.6,NA,NA,1
"BEL",2000,8,4.8,3,5.8,NA,NA,NA
"BEL",2001,8,4.6,2.8,5.6,NA,NA,NA
"BEL",2002,7,4.4,2.8,5.4,NA,NA,NA
"BEL",2003,7,4.3,2.7,5.2,NA,NA,NA
"BEL",2004,7,4.2,2.7,5.1,NA,NA,NA
"BEL",2005,7,4,2.6,4.9,NA,NA,NA
"BEL",2006,7,4,2.6,4.8,NA,NA,NA
"BEL",2007,7,3.9,2.5,4.7,NA,NA,NA
"BEL",2008,7,3.8,2.5,4.6,NA,NA,NA
"BEL",2009,6,3.7,2.4,4.5,NA,NA,NA
"BEL",2010,6,3.6,2.3,4.4,NA,NA,NA
"BEL",2011,6,3.6,2.3,4.4,NA,NA,NA
"BEL",2012,6,3.5,2.3,4.3,NA,NA,NA
"BEL",2013,6,3.4,2.3,4.2,NA,NA,NA
"BEL",2014,6,3.3,2.3,4.1,NA,NA,NA
"BEL",2015,5,3.3,2.3,4.1,NA,NA,NA
"BEL",2016,5,3.3,2.3,4.1,NA,NA,NA
"BEL",2017,5,3.3,2.3,4.1,NA,NA,1
"BEL",2018,NA,3.4,2.4,4.2,NA,NA,NA
"BEL",2019,NA,3.4,2.4,4.2,NA,NA,0
"BEN",2000,520,85,39,136.8,NA,NA,NA
"BEN",2001,516,83.3,38.3,133.7,NA,NA,NA
"BEN",2002,511,81.5,37.6,130.5,NA,NA,NA
"BEN",2003,510,79.8,36.8,127.4,NA,NA,NA
"BEN",2004,505,78.2,36.2,124.4,NA,NA,NA
"BEN",2005,500,76.5,35.8,121.5,NA,NA,NA
"BEN",2006,493,75,35.3,118.8,NA,NA,NA
"BEN",2007,486,73.6,35,116.2,NA,NA,NA
"BEN",2008,480,72.2,34.6,113.7,NA,NA,NA
"BEN",2009,471,70.9,34.3,111.3,NA,NA,NA
"BEN",2010,464,69.6,33.9,109,NA,NA,NA
"BEN",2011,458,68.3,33.5,106.7,NA,NA,NA
"BEN",2012,450,67,33.1,104.4,NA,NA,NA
"BEN",2013,441,65.7,32.7,102.1,NA,NA,NA
"BEN",2014,432,64.4,32.3,99.8,NA,NA,NA
"BEN",2015,421,63.2,31.9,97.6,NA,NA,NA
"BEN",2016,408,61.9,31.5,95.4,NA,NA,NA
"BEN",2017,397,60.6,31.1,93.2,NA,NA,NA
"BEN",2018,NA,59.3,30.6,90.9,NA,NA,NA
"BEN",2019,NA,57.9,30.2,88.4,NA,NA,NA
"BFA",2000,516,90.9,40.7,178.9,NA,NA,NA
"BFA",2001,501,89.3,39.9,174.9,0,1,NA
"BFA",2002,486,87.6,39.2,170.4,NA,NA,NA
"BFA",2003,471,85.5,38.3,165.3,NA,NA,NA
"BFA",2004,454,83.3,37.2,159.5,NA,NA,NA
"BFA",2005,437,80.8,36,153.1,NA,NA,NA
"BFA",2006,422,78.1,34.8,146.3,NA,NA,NA
"BFA",2007,410,75.4,33.7,139.5,NA,NA,NA
"BFA",2008,401,72.7,32.7,132.9,NA,NA,NA
"BFA",2009,393,70.3,31.9,126.9,NA,NA,NA
"BFA",2010,385,68.1,31.2,121.5,NA,NA,NA
"BFA",2011,377,66.3,30.5,116.9,0,1,NA
"BFA",2012,369,64.4,29.9,112.5,NA,NA,NA
"BFA",2013,362,62.7,29.3,108.3,NA,NA,NA
"BFA",2014,353,61.2,28.8,104.5,0,1,NA
"BFA",2015,343,59.6,28.2,100.9,NA,NA,NA
"BFA",2016,331,58.2,27.7,97.5,NA,NA,NA
"BFA",2017,320,56.7,27.3,94.1,NA,NA,1
"BFA",2018,NA,55.4,26.7,90.8,NA,NA,0
"BFA",2019,NA,54.1,26.2,87.8,NA,NA,0
"BGD",2000,434,63.1,44,86,1,0,0
"BGD",2001,423,60,42.2,81.1,NA,NA,1
"BGD",2002,410,57,40.4,76.5,NA,NA,0
"BGD",2003,395,54.3,38.8,72.3,1,0,0
"BGD",2004,372,51.8,37.3,68.3,1,0,0
"BGD",2005,343,49.4,35.9,64.6,NA,NA,0
"BGD",2006,315,47,34.5,61,NA,NA,0
"BGD",2007,297,44.8,33.1,57.8,NA,NA,0
"BGD",2008,280,42.7,31.8,54.7,NA,NA,0
"BGD",2009,269,40.7,30.6,51.8,0,1,0
"BGD",2010,258,38.9,29.4,49.1,NA,NA,0
"BGD",2011,248,37.2,28.2,46.7,NA,NA,0
"BGD",2012,238,35.6,27.1,44.4,NA,NA,0
"BGD",2013,227,34,25.9,42.2,NA,NA,0
"BGD",2014,214,32.5,24.8,40.1,NA,NA,0
"BGD",2015,200,31,23.6,38.1,1,0,0
"BGD",2016,186,29.6,22.4,36.1,1,0,0
"BGD",2017,173,28.2,20.9,34.2,NA,NA,0
"BGD",2018,NA,26.8,19.7,32.4,NA,NA,0
"BGD",2019,NA,25.5,18.5,30.7,NA,NA,0
"BGR",2000,19,14.4,7.9,17.5,0,1,NA
"BGR",2001,18,13.8,7.6,16.7,NA,NA,NA
"BGR",2002,17,13.2,7.3,15.9,NA,NA,NA
"BGR",2003,16,12.5,6.9,15.1,NA,NA,NA
"BGR",2004,16,11.8,6.4,14.2,NA,NA,NA
"BGR",2005,15,11,6,13.3,NA,NA,NA
"BGR",2006,14,10.3,5.6,12.4,1,0,NA
"BGR",2007,13,9.9,5.3,11.8,NA,NA,NA
"BGR",2008,13,9.5,5.2,11.4,NA,NA,NA
"BGR",2009,12,9.3,5.2,11.1,NA,NA,NA
"BGR",2010,12,9,5.1,10.8,NA,NA,NA
"BGR",2011,12,8.7,5,10.4,NA,NA,NA
"BGR",2012,11,8.2,4.8,9.8,1,0,NA
"BGR",2013,10,7.8,4.5,9.3,NA,NA,NA
"BGR",2014,11,7.3,4.3,8.7,NA,NA,NA
"BGR",2015,10,6.9,4.1,8.2,NA,NA,NA
"BGR",2016,10,6.5,3.9,7.7,NA,NA,NA
"BGR",2017,10,6.1,3.7,7.3,NA,NA,NA
"BGR",2018,NA,5.8,3.4,7,NA,NA,NA
"BGR",2019,NA,5.5,3.2,6.6,NA,NA,NA
"BHR",2000,27,10.7,4.7,12.5,NA,NA,NA
"BHR",2001,19,10.3,4.4,12,NA,NA,NA
"BHR",2002,25,10,4.1,11.6,NA,NA,NA
"BHR",2003,21,9.7,3.9,11.3,NA,NA,NA
"BHR",2004,21,9.4,3.7,11,NA,NA,NA
"BHR",2005,19,9.1,3.6,10.6,NA,NA,NA
"BHR",2006,24,8.8,3.4,10.2,NA,NA,NA
"BHR",2007,16,8.4,3.3,9.8,NA,NA,NA
"BHR",2008,18,8,3.2,9.3,NA,NA,NA
"BHR",2009,19,7.6,3.2,8.9,NA,NA,NA
"BHR",2010,18,7.3,3.2,8.5,NA,NA,NA
"BHR",2011,15,7,3.2,8.2,NA,NA,NA
"BHR",2012,18,6.8,3.2,8,NA,NA,0
"BHR",2013,17,6.7,3.2,7.8,NA,NA,NA
"BHR",2014,15,6.6,3.2,7.7,NA,NA,NA
"BHR",2015,15,6.5,3.2,7.6,NA,NA,NA
"BHR",2016,15,6.4,3.2,7.5,NA,NA,NA
"BHR",2017,14,6.3,3.1,7.3,NA,NA,NA
"BHR",2018,NA,6.1,3.1,7.1,NA,NA,NA
"BHR",2019,NA,5.9,3,7,NA,NA,NA
"BHS",2000,75,13.9,8,16.3,NA,NA,NA
"BHS",2001,76,14,8.2,16.4,NA,NA,NA
"BHS",2002,78,14.1,8.3,16.5,NA,NA,NA
"BHS",2003,79,14.3,8.5,16.7,NA,NA,NA
"BHS",2004,78,14.4,8.6,16.8,NA,NA,NA
"BHS",2005,77,14.4,8.7,16.8,NA,NA,NA
"BHS",2006,78,14.3,8.7,16.7,NA,NA,NA
"BHS",2007,77,14.1,8.6,16.5,NA,NA,NA
"BHS",2008,77,13.9,8.5,16.2,NA,NA,NA
"BHS",2009,78,13.6,8.3,15.9,NA,NA,NA
"BHS",2010,78,13.3,8.1,15.6,NA,NA,NA
"BHS",2011,78,13,7.9,15.2,NA,NA,NA
"BHS",2012,78,12.8,7.8,14.9,NA,NA,NA
"BHS",2013,78,12.5,7.7,14.6,NA,NA,NA
"BHS",2014,77,12.2,7.5,14.3,NA,NA,NA
"BHS",2015,74,12,7.4,14,NA,NA,NA
"BHS",2016,72,11.7,7.3,13.7,NA,NA,NA
"BHS",2017,70,11.4,7.2,13.3,NA,NA,NA
"BHS",2018,NA,11.2,7,13,NA,NA,NA
"BHS",2019,NA,14.5,6.9,22.4,NA,NA,NA
"BIH",2000,17,8.7,6.9,9.9,0,1,NA
"BIH",2001,16,8.4,6.5,9.6,NA,NA,NA
"BIH",2002,14,8.2,6.2,9.3,NA,NA,NA
"BIH",2003,14,8.1,5.9,9.2,0,1,NA
"BIH",2004,14,7.9,5.7,9.1,NA,NA,NA
"BIH",2005,13,7.8,5.5,8.9,NA,NA,NA
"BIH",2006,13,7.5,5.4,8.6,NA,NA,NA
"BIH",2007,13,7.2,5.3,8.3,NA,NA,NA
"BIH",2008,11,6.9,5.3,7.9,NA,NA,NA
"BIH",2009,11,6.6,5.2,7.5,NA,NA,NA
"BIH",2010,11,6.3,5.1,7.2,NA,NA,NA
"BIH",2011,10,6,5,6.9,NA,NA,NA
"BIH",2012,10,5.8,4.9,6.7,NA,NA,NA
"BIH",2013,10,5.6,4.8,6.5,NA,NA,NA
"BIH",2014,10,5.5,4.7,6.4,NA,NA,NA
"BIH",2015,10,5.4,4.6,6.3,NA,NA,NA
"BIH",2016,10,5.3,4.5,6.2,NA,NA,NA
"BIH",2017,10,5.3,4.4,6.1,NA,NA,NA
"BIH",2018,NA,5.2,4.3,6,NA,NA,NA
"BIH",2019,NA,5.1,4.2,5.9,NA,NA,NA
"BLR",2000,22,9.9,6,12.7,NA,NA,NA
"BLR",2001,19,9.2,5.5,11.8,NA,NA,NA
"BLR",2002,18,8.5,5,10.9,NA,NA,NA
"BLR",2003,15,7.8,4.5,10.1,NA,NA,NA
"BLR",2004,13,7.3,4,9.4,NA,NA,NA
"BLR",2005,11,6.7,3.5,8.7,NA,NA,NA
"BLR",2006,9,6.2,3,8,NA,NA,NA
"BLR",2007,7,5.6,2.6,7.3,NA,NA,NA
"BLR",2008,6,5.1,2.2,6.6,NA,NA,NA
"BLR",2009,6,4.6,2,6.1,NA,NA,NA
"BLR",2010,5,4.3,1.8,5.6,NA,NA,NA
"BLR",2011,5,3.9,1.7,5.2,NA,NA,NA
"BLR",2012,4,3.7,1.7,4.9,NA,NA,NA
"BLR",2013,3,3.5,1.7,4.6,NA,NA,NA
"BLR",2014,3,3.3,1.6,4.3,NA,NA,NA
"BLR",2015,3,3.1,1.6,4.1,NA,NA,NA
"BLR",2016,3,2.9,1.5,3.9,NA,NA,NA
"BLR",2017,2,2.7,1.4,3.6,NA,NA,NA
"BLR",2018,NA,2.5,1.2,3.4,NA,NA,NA
"BLR",2019,NA,2.4,1.1,3.1,NA,NA,NA
"BLZ",2000,89,20,12,23.6,NA,NA,NA
"BLZ",2001,88,19.4,11.6,22.8,NA,NA,NA
"BLZ",2002,82,18.9,11.1,22.2,NA,NA,NA
"BLZ",2003,80,18.5,10.6,21.7,NA,NA,NA
"BLZ",2004,75,18.2,10,21.3,NA,NA,NA
"BLZ",2005,70,17.9,9.4,20.9,NA,NA,NA
"BLZ",2006,65,17.6,8.7,20.6,NA,NA,NA
"BLZ",2007,61,17.3,8.4,20.3,NA,NA,NA
"BLZ",2008,59,17,8.4,19.9,NA,NA,NA
"BLZ",2009,57,16.6,8.7,19.4,NA,NA,NA
"BLZ",2010,54,16.2,9.3,18.9,NA,NA,NA
"BLZ",2011,52,15.7,10,18.3,NA,NA,NA
"BLZ",2012,50,15.2,10.4,17.7,NA,NA,NA
"BLZ",2013,48,14.6,10.5,16.9,NA,NA,NA
"BLZ",2014,46,13.9,10.4,16.1,NA,NA,NA
"BLZ",2015,43,13.2,10.1,15.3,NA,NA,NA
"BLZ",2016,39,12.5,9.6,14.5,NA,NA,NA
"BLZ",2017,36,11.8,9.1,13.7,NA,NA,NA
"BLZ",2018,NA,11.1,8.6,12.9,NA,NA,NA
"BLZ",2019,NA,10.6,8.1,12.3,NA,NA,NA
"BOL",2000,331,55.9,29.6,75.6,0,1,NA
"BOL",2001,320,53.1,28.7,71.3,NA,NA,0
"BOL",2002,309,50.4,28,67.2,NA,NA,NA
"BOL",2003,297,47.8,27.4,63.3,NA,NA,NA
"BOL",2004,283,45.4,26.8,59.6,0,1,NA
"BOL",2005,271,43.1,26.2,56.2,NA,NA,NA
"BOL",2006,258,40.8,25.5,52.9,NA,NA,NA
"BOL",2007,246,38.7,24.7,49.8,NA,NA,NA
"BOL",2008,234,36.7,23.7,46.9,0,1,NA
"BOL",2009,222,34.8,22.8,44.1,NA,NA,NA
"BOL",2010,212,33,21.8,41.6,0,1,NA
"BOL",2011,202,31.2,20.8,39.2,NA,NA,NA
"BOL",2012,192,29.6,19.9,37,NA,NA,NA
"BOL",2013,184,28,18.7,34.9,0,1,NA
"BOL",2014,175,26.6,17.6,33,0,1,NA
"BOL",2015,168,25.4,16.7,31.3,NA,NA,NA
"BOL",2016,161,24.3,15.9,29.9,0,1,NA
"BOL",2017,155,23.2,15.2,28.6,NA,NA,NA
"BOL",2018,NA,22.3,14.6,27.4,NA,NA,NA
"BOL",2019,NA,21.5,14,26.3,NA,NA,NA
"BRA",2000,69,30.4,18.5,34.7,NA,NA,0
"BRA",2001,68,28.5,17.6,32.5,0,1,0
"BRA",2002,69,26.8,16.7,30.4,0,1,0
"BRA",2003,70,25.1,15.8,28.4,NA,NA,0
"BRA",2004,71,23.5,15,26.5,0,1,0
"BRA",2005,71,22,14.2,24.8,0,1,1
"BRA",2006,72,20.7,13.5,23.2,NA,NA,1
"BRA",2007,71,19.5,12.8,21.8,1,1,0
"BRA",2008,70,18.4,12.2,20.6,NA,NA,0
"BRA",2009,69,17.5,11.6,19.5,NA,NA,0
"BRA",2010,65,16.7,11.1,18.6,0,1,1
"BRA",2011,61,16,10.7,17.9,NA,NA,0
"BRA",2012,60,15.4,10.3,17.2,0,1,1
"BRA",2013,61,14.9,10,16.7,NA,NA,1
"BRA",2014,62,14.6,9.7,16.3,0,1,0
"BRA",2015,63,14.2,9.5,15.9,NA,NA,0
"BRA",2016,62,15,10,16.7,NA,NA,0
"BRA",2017,60,13.8,9.3,15.4,NA,NA,0
"BRA",2018,NA,13.6,9.2,15.2,NA,NA,1
"BRA",2019,NA,13.3,8.9,14.9,NA,NA,1
"BRB",2000,50,13.7,9.3,15.1,NA,NA,NA
"BRB",2001,48,14,9.3,15.3,NA,NA,NA
"BRB",2002,47,14.2,9.5,15.5,NA,NA,NA
"BRB",2003,45,14.3,9.6,15.7,NA,NA,NA
"BRB",2004,43,14.4,9.8,15.7,NA,NA,NA
"BRB",2005,42,14.4,9.9,15.7,NA,NA,NA
"BRB",2006,41,14.3,10,15.6,NA,NA,NA
"BRB",2007,40,14.2,10.1,15.4,1,0,NA
"BRB",2008,39,14.1,10.1,15.3,NA,NA,NA
"BRB",2009,38,13.9,10,15.1,NA,NA,NA
"BRB",2010,36,13.8,10,15,0,1,NA
"BRB",2011,35,13.7,9.9,14.8,NA,NA,NA
"BRB",2012,34,13.6,9.8,14.7,NA,NA,NA
"BRB",2013,32,13.5,9.7,14.6,NA,NA,NA
"BRB",2014,31,13.3,9.5,14.3,NA,NA,NA
"BRB",2015,31,13,9.3,14,NA,NA,NA
"BRB",2016,30,12.7,9.1,13.7,NA,NA,NA
"BRB",2017,27,12.4,8.9,13.4,NA,NA,NA
"BRB",2018,NA,12.1,8.6,13,NA,NA,NA
"BRB",2019,NA,11.7,8.4,12.6,NA,NA,NA
"BRN",2000,28,8.2,5,10.3,NA,NA,NA
"BRN",2001,28,8,5,10.1,NA,NA,NA
"BRN",2002,29,7.9,5,9.8,NA,NA,NA
"BRN",2003,30,7.8,5,9.7,NA,NA,NA
"BRN",2004,30,7.7,5,9.6,NA,NA,NA
"BRN",2005,29,7.7,5,9.5,NA,NA,NA
"BRN",2006,28,7.7,4.9,9.5,NA,NA,NA
"BRN",2007,27,7.7,4.9,9.5,NA,NA,NA
"BRN",2008,27,7.7,4.8,9.5,NA,NA,NA
"BRN",2009,27,7.8,4.8,9.6,NA,NA,NA
"BRN",2010,28,7.9,4.8,9.7,NA,NA,NA
"BRN",2011,28,8.1,4.8,9.8,NA,NA,NA
"BRN",2012,29,8.2,4.8,10,NA,NA,NA
"BRN",2013,28,8.4,4.9,10.2,NA,NA,NA
"BRN",2014,29,8.6,5,10.4,NA,NA,NA
"BRN",2015,30,8.8,5.2,10.6,NA,NA,NA
"BRN",2016,31,9,5.4,10.8,NA,NA,NA
"BRN",2017,31,9.2,5.6,11,NA,NA,NA
"BRN",2018,NA,9.4,5.8,11.2,NA,NA,NA
"BRN",2019,NA,9.6,6,11.4,NA,NA,NA
"BTN",2000,423,57.5,31.8,77.2,NA,NA,NA
"BTN",2001,384,54.8,30.9,72.9,NA,NA,NA
"BTN",2002,365,52.2,30,68.9,NA,NA,NA
"BTN",2003,348,49.7,29,65,NA,NA,NA
"BTN",2004,332,47.2,28,61.2,NA,NA,NA
"BTN",2005,310,44.7,27.1,57.5,NA,NA,0
"BTN",2006,291,42.3,26.2,54.1,NA,NA,NA
"BTN",2007,275,40.1,25.3,50.8,NA,NA,NA
"BTN",2008,264,38,24.4,47.8,NA,NA,NA
"BTN",2009,255,36,23.4,44.9,1,0,NA
"BTN",2010,247,34.1,22.5,42.4,NA,NA,NA
"BTN",2011,239,32.4,21.6,40,1,0,NA
"BTN",2012,231,31,20.8,38,NA,NA,NA
"BTN",2013,223,29.6,20.1,36.2,NA,NA,NA
"BTN",2014,214,28.5,19.3,34.6,NA,NA,NA
"BTN",2015,203,27.4,18.4,33.1,NA,NA,NA
"BTN",2016,193,26.5,17.6,31.9,NA,NA,NA
"BTN",2017,183,25.6,17,30.7,NA,NA,NA
"BTN",2018,NA,24.7,16.3,29.6,NA,NA,NA
"BTN",2019,NA,23.9,15.7,28.6,NA,NA,NA
"BWA",2000,262,45.2,16.6,80.5,NA,NA,NA
"BWA",2001,271,44.6,17,80,NA,NA,NA
"BWA",2002,278,43.9,17.8,78.3,NA,NA,NA
"BWA",2003,278,43.1,18.7,76.1,NA,NA,NA
"BWA",2004,264,42.1,19.6,72.7,NA,NA,NA
"BWA",2005,239,38.9,20.4,67,NA,NA,NA
"BWA",2006,221,38.1,21,61.5,NA,NA,NA
"BWA",2007,209,39.5,21.6,58.6,NA,NA,NA
"BWA",2008,203,40.3,22,57.6,NA,NA,NA
"BWA",2009,189,40.1,22.4,55.3,NA,NA,NA
"BWA",2010,179,39.5,22.7,51.4,NA,NA,NA
"BWA",2011,176,41.1,22.9,51.9,NA,NA,NA
"BWA",2012,170,40.2,23.1,50.8,NA,NA,NA
"BWA",2013,164,39.4,23.2,49.6,NA,NA,NA
"BWA",2014,160,40.1,23.3,50.2,NA,NA,NA
"BWA",2015,156,39.6,23.3,49.7,0,1,NA
"BWA",2016,151,39.3,23.2,49.2,NA,NA,NA
"BWA",2017,144,38.2,23,47.8,NA,NA,NA
"BWA",2018,NA,37.6,22.7,47,NA,NA,NA
"BWA",2019,NA,36.9,22.3,45.9,0,1,NA
"CAF",2000,1280,109.9,49,168.9,NA,NA,0
"CAF",2001,1290,109.2,48.9,167.4,NA,NA,0
"CAF",2002,1280,108.5,48.7,165.8,NA,NA,1
"CAF",2003,1250,107.7,48.6,164.2,NA,NA,1
"CAF",2004,1230,106.9,48.4,162.5,NA,NA,0
"CAF",2005,1200,106.1,48.2,160.8,NA,NA,0
"CAF",2006,1170,104.8,48,158.3,NA,NA,0
"CAF",2007,1130,103.7,47.7,155.6,NA,NA,1
"CAF",2008,1090,102.5,47.2,152.8,NA,NA,1
"CAF",2009,1050,100.6,46.7,148.9,NA,NA,0
"CAF",2010,1000,99,46.1,145,NA,NA,0
"CAF",2011,981,96.7,45.5,140.5,NA,NA,0
"CAF",2012,963,94.5,44.7,136.2,NA,NA,1
"CAF",2013,1030,93,43.9,132.5,NA,NA,1
"CAF",2014,961,90.5,43.2,128.2,NA,NA,1
"CAF",2015,912,87.9,42.5,123.3,NA,NA,1
"CAF",2016,890,85.6,41.7,118.2,NA,NA,1
"CAF",2017,829,83.8,41,114.5,NA,NA,1
"CAF",2018,NA,81.6,40.2,111.1,NA,NA,1
"CAF",2019,NA,79.1,39.6,106.6,NA,NA,1
"CAN",2000,9,5.3,3.8,6.2,NA,NA,0
"CAN",2001,10,5.3,3.8,6.2,NA,NA,0
"CAN",2002,10,5.3,3.9,6.2,NA,NA,0
"CAN",2003,10,5.3,3.9,6.2,NA,NA,NA
"CAN",2004,10,5.3,3.9,6.1,NA,NA,NA
"CAN",2005,11,5.2,3.9,6.1,NA,NA,NA
"CAN",2006,11,5.2,3.9,6,NA,NA,NA
"CAN",2007,11,5.1,3.8,6,NA,NA,NA
"CAN",2008,12,5.1,3.8,5.9,NA,NA,NA
"CAN",2009,12,5,3.8,5.8,NA,NA,NA
"CAN",2010,11,5,3.8,5.7,NA,NA,NA
"CAN",2011,11,4.9,3.7,5.7,NA,NA,NA
"CAN",2012,11,4.9,3.7,5.6,NA,NA,NA
"CAN",2013,11,4.8,3.6,5.5,NA,NA,NA
"CAN",2014,11,4.7,3.6,5.4,NA,NA,NA
"CAN",2015,11,4.7,3.6,5.4,NA,NA,NA
"CAN",2016,10,4.6,3.5,5.3,NA,NA,NA
"CAN",2017,10,4.6,3.4,5.2,NA,NA,NA
"CAN",2018,NA,4.5,3.3,5.1,NA,NA,NA
"CAN",2019,NA,4.4,3.3,5.1,NA,NA,NA
"CHE",2000,7,4.7,3.5,5.6,NA,NA,NA
"CHE",2001,7,4.6,3.5,5.5,NA,NA,NA
"CHE",2002,7,4.5,3.4,5.4,NA,NA,NA
"CHE",2003,7,4.5,3.4,5.3,NA,NA,NA
"CHE",2004,7,4.4,3.3,5.2,NA,NA,NA
"CHE",2005,7,4.3,3.3,5.1,NA,NA,NA
"CHE",2006,7,4.2,3.3,4.9,NA,NA,NA
"CHE",2007,6,4.1,3.2,4.8,NA,NA,NA
"CHE",2008,6,4,3.2,4.7,NA,NA,NA
"CHE",2009,6,4,3.2,4.6,NA,NA,NA
"CHE",2010,6,3.9,3.2,4.6,NA,NA,NA
"CHE",2011,6,3.9,3.1,4.5,NA,NA,NA
"CHE",2012,6,3.8,3.1,4.4,NA,NA,NA
"CHE",2013,6,3.8,3,4.4,NA,NA,NA
"CHE",2014,5,3.8,3,4.3,NA,NA,NA
"CHE",2015,5,3.7,3,4.3,NA,NA,NA
"CHE",2016,5,3.7,2.9,4.2,NA,NA,NA
"CHE",2017,5,3.6,2.9,4.2,NA,NA,NA
"CHE",2018,NA,3.6,2.9,4.1,NA,NA,NA
"CHE",2019,NA,3.6,2.8,4,NA,NA,NA
"CHL",2000,31,9.2,5.7,10.9,NA,NA,NA
"CHL",2001,32,8.7,5.4,10.3,NA,NA,NA
"CHL",2002,28,8.3,5.3,9.8,NA,NA,NA
"CHL",2003,27,8.1,5.3,9.5,NA,NA,NA
"CHL",2004,27,7.9,5.4,9.3,NA,NA,NA
"CHL",2005,25,7.7,5.4,9.1,1,0,NA
"CHL",2006,25,7.6,5.5,9,NA,NA,NA
"CHL",2007,23,7.6,5.4,8.9,1,0,NA
"CHL",2008,21,7.6,5.3,8.9,NA,NA,NA
"CHL",2009,21,7.5,5.3,8.8,NA,NA,NA
"CHL",2010,20,7.4,5.3,8.7,1,0,NA
"CHL",2011,18,7.3,5.3,8.5,NA,NA,NA
"CHL",2012,17,7.2,5.3,8.4,1,0,NA
"CHL",2013,16,7.1,5.3,8.3,NA,NA,NA
"CHL",2014,15,6.9,5.2,8.1,1,0,NA
"CHL",2015,14,6.7,5.1,7.9,1,0,NA
"CHL",2016,13,6.5,5,7.7,NA,NA,NA
"CHL",2017,13,6.4,4.9,7.4,NA,NA,NA
"CHL",2018,NA,6.2,4.7,7.2,NA,NA,NA
"CHL",2019,NA,6,4.5,7,1,0,NA
"CHN",2000,59,29.9,21.4,36.7,1,1,0
"CHN",2001,55,27.8,19.9,34.1,1,1,NA
"CHN",2002,51,25.6,18.4,31.5,1,1,NA
"CHN",2003,48,23.4,16.9,28.8,1,1,NA
"CHN",2004,46,21.4,15.3,26.3,1,0,NA
"CHN",2005,44,19.4,13.9,24,1,1,NA
"CHN",2006,42,17.7,12.5,21.9,1,1,0
"CHN",2007,40,16.2,11.3,20.1,1,0,NA
"CHN",2008,40,14.8,10.2,18.5,1,1,0
"CHN",2009,37,13.6,9.2,17,1,1,0
"CHN",2010,36,12.5,8.4,15.8,1,1,1
"CHN",2011,34,11.5,7.6,14.6,1,0,NA
"CHN",2012,33,10.6,7,13.5,1,0,NA
"CHN",2013,32,9.8,6.4,12.5,1,1,NA
"CHN",2014,31,9,5.8,11.6,1,1,NA
"CHN",2015,30,8.3,5.3,10.7,1,1,NA
"CHN",2016,29,7.6,4.9,9.9,1,1,0
"CHN",2017,29,7,4.5,9.2,1,1,NA
"CHN",2018,NA,6.4,4.1,8.5,1,0,0
"CHN",2019,NA,5.9,3.7,7.9,1,0,NA
"CIV",2000,704,95.6,45.8,143.3,NA,NA,0
"CIV",2001,706,93.7,45.2,140.1,NA,NA,1
"CIV",2002,713,91.6,44.6,136.7,NA,NA,0
"CIV",2003,711,89.6,44,133.1,NA,NA,1
"CIV",2004,709,87.5,43.4,129.5,NA,NA,1
"CIV",2005,704,85.2,42.7,125.6,NA,NA,1
"CIV",2006,699,83.4,42,122,NA,NA,1
"CIV",2007,698,81.1,41.3,118.2,NA,NA,0
"CIV",2008,694,78.7,40.6,114.2,NA,NA,0
"CIV",2009,700,76.6,40,109.9,NA,NA,0
"CIV",2010,701,74.7,39.3,106.3,NA,NA,0
"CIV",2011,703,72.9,38.7,103.1,NA,NA,0
"CIV",2012,702,71,38,100.1,NA,NA,1
"CIV",2013,691,69.1,37.4,97,NA,NA,0
"CIV",2014,676,67.3,36.8,93.6,NA,NA,0
"CIV",2015,658,65.7,36.2,90.8,NA,NA,NA
"CIV",2016,636,64.4,35.6,88.4,NA,NA,NA
"CIV",2017,617,62.9,35,86,NA,NA,1
"CIV",2018,NA,61.3,34.5,83.2,NA,NA,NA
"CIV",2019,NA,59.4,33.9,80.3,NA,NA,NA
"CMR",2000,886,87.6,35.6,143.9,NA,NA,NA
"CMR",2001,844,85.8,34.8,140.9,0,1,0
"CMR",2002,803,83.7,34.1,137.5,NA,NA,0
"CMR",2003,771,81.7,33.7,134,NA,NA,NA
"CMR",2004,732,79.7,33.5,130.6,NA,NA,NA
"CMR",2005,692,78.1,33.2,127.5,0,1,0
"CMR",2006,658,76.2,33,124.2,NA,NA,0
"CMR",2007,635,74.6,32.7,121,NA,NA,NA
"CMR",2008,618,72.7,32.4,117.6,NA,NA,NA
"CMR",2009,606,71.1,32,114.3,NA,NA,0
"CMR",2010,597,68.6,31.7,110.1,NA,NA,0
"CMR",2011,589,66.6,31.3,105.8,NA,NA,NA
"CMR",2012,580,64.2,30.9,101.3,0,1,NA
"CMR",2013,567,61.6,30.4,96.7,NA,NA,NA
"CMR",2014,564,59.5,29.9,92.4,NA,NA,0
"CMR",2015,554,57,29.3,88,NA,NA,1
"CMR",2016,538,55.2,28.7,84.2,NA,NA,1
"CMR",2017,529,53.2,28,80.6,NA,NA,1
"CMR",2018,NA,51.3,27.4,77.3,NA,NA,0
"CMR",2019,NA,49.9,26.8,74.7,NA,NA,1
"COD",2000,760,106.5,38.4,159.3,NA,NA,1
"COD",2001,740,104.4,38,154.9,NA,NA,1
"COD",2002,734,102.2,37.6,150.4,NA,NA,1
"COD",2003,699,99.9,37.2,145.7,NA,NA,1
"COD",2004,661,97.5,36.6,140.9,NA,NA,1
"COD",2005,627,95.2,36,136.1,1,0,1
"COD",2006,598,92.8,35.3,131.4,NA,NA,1
"COD",2007,578,90.4,34.5,126.7,NA,NA,1
"COD",2008,565,88.1,33.8,122.3,1,0,1
"COD",2009,555,85.8,33,118,NA,NA,1
"COD",2010,542,83.5,32.3,113.8,NA,NA,1
"COD",2011,532,81.3,31.7,109.9,NA,NA,1
"COD",2012,524,79.1,31.1,106.1,NA,NA,1
"COD",2013,514,77,30.6,102.5,NA,NA,1
"COD",2014,500,75,30,99.2,NA,NA,1
"COD",2015,490,73,29.5,95.9,1,0,1
"COD",2016,481,71.1,29,92.8,NA,NA,1
"COD",2017,473,69.1,28.5,89.6,NA,NA,1
"COD",2018,NA,67.3,27.9,86.6,NA,NA,1
"COD",2019,NA,65.5,27.3,83.8,NA,NA,1
"COG",2000,739,72.4,30.7,114.1,NA,NA,1
"COG",2001,752,70.7,30.2,111.1,NA,NA,NA
"COG",2002,769,68,29.5,106.2,NA,NA,0
"COG",2003,757,64.6,28.6,100.2,NA,NA,1
"COG",2004,724,60.7,27.5,93.3,NA,NA,0
"COG",2005,677,56.8,26.5,86.4,NA,NA,NA
"COG",2006,623,53.1,25.4,79.8,NA,NA,0
"COG",2007,580,49.8,24.5,74,NA,NA,NA
"COG",2008,552,46.9,23.7,69,NA,NA,0
"COG",2009,526,44.7,23,65,NA,NA,0
"COG",2010,506,43,22.5,62,NA,NA,NA
"COG",2011,488,41.7,22.1,59.7,NA,NA,NA
"COG",2012,468,40.7,21.8,57.9,NA,NA,0
"COG",2013,449,39.7,21.4,56.2,NA,NA,0
"COG",2014,433,38.7,21.1,54.4,NA,NA,NA
"COG",2015,416,37.6,20.7,52.6,NA,NA,NA
"COG",2016,397,36.6,20.2,50.8,NA,NA,0
"COG",2017,378,35.6,19.9,49.1,NA,NA,1
"COG",2018,NA,34.7,19.4,47.6,NA,NA,0
"COG",2019,NA,35.9,19.1,52.5,NA,NA,NA
"COL",2000,94,21.2,13.5,25.1,1,0,1
"COL",2001,93,20.6,13.1,24.3,NA,NA,1
"COL",2002,92,19.9,12.7,23.5,NA,NA,1
"COL",2003,88,19.4,12.4,22.8,NA,NA,1
"COL",2004,85,18.9,12,22.1,1,0,1
"COL",2005,83,18.3,11.7,21.5,NA,NA,1
"COL",2006,82,17.8,11.3,20.8,NA,NA,1
"COL",2007,83,17.2,11,20.2,1,0,1
"COL",2008,84,16.7,10.6,19.5,1,0,0
"COL",2009,87,16.2,10.3,18.9,NA,NA,0
"COL",2010,85,15.7,10,18.3,NA,NA,1
"COL",2011,84,15.2,9.6,17.7,NA,NA,1
"COL",2012,85,14.7,9.3,17.1,NA,NA,0
"COL",2013,85,14.3,9,16.6,1,0,1
"COL",2014,85,13.8,8.7,16,NA,NA,0
"COL",2015,85,13.4,8.4,15.5,1,1,0
"COL",2016,84,12.9,8.2,15,NA,NA,1
"COL",2017,83,12.5,7.9,14.6,NA,NA,0
"COL",2018,NA,12.1,7.7,14.1,NA,NA,0
"COL",2019,NA,11.7,7.4,13.6,NA,NA,0
"COM",2000,444,72.4,40.8,100.6,NA,NA,NA
"COM",2001,437,72.1,40.7,100.2,NA,NA,NA
"COM",2002,429,72,40.5,100.1,NA,NA,NA
"COM",2003,423,71.7,40.3,99.6,NA,NA,NA
"COM",2004,414,71,40.1,98.5,NA,NA,NA
"COM",2005,404,69.8,39.7,96.7,NA,NA,NA
"COM",2006,393,68.4,39.2,94.4,NA,NA,NA
"COM",2007,382,66.8,38.6,91.9,NA,NA,NA
"COM",2008,370,65.3,38,89.5,NA,NA,NA
"COM",2009,356,63.7,37.3,86.9,NA,NA,NA
"COM",2010,341,62.2,36.6,84.6,NA,NA,NA
"COM",2011,326,60.5,35.8,82,NA,NA,NA
"COM",2012,313,58.9,35.1,79.4,NA,NA,NA
"COM",2013,302,57.2,34.5,76.9,NA,NA,NA
"COM",2014,293,55.8,33.6,74.7,1,0,NA
"COM",2015,285,54.4,32.9,72.3,NA,NA,NA
"COM",2016,279,53,32.1,70.1,NA,NA,NA
"COM",2017,273,51.5,31.3,67.9,NA,NA,NA
"COM",2018,NA,50.1,30.5,65.7,NA,NA,NA
"COM",2019,NA,48.7,29.8,63.5,NA,NA,NA
"CPV",2000,118,31.1,18.1,38.1,NA,NA,NA
"CPV",2001,109,28.4,17,34.4,NA,NA,NA
"CPV",2002,101,26.3,16,31.6,0,1,NA
"CPV",2003,96,24.8,15.4,29.8,NA,NA,NA
"CPV",2004,91,24,15.1,28.6,NA,NA,NA
"CPV",2005,86,23.5,15.1,28.1,NA,NA,NA
"CPV",2006,82,23.4,15.3,27.9,NA,NA,NA
"CPV",2007,78,23.3,15.4,27.8,NA,NA,NA
"CPV",2008,75,23.1,15.6,27.5,NA,NA,NA
"CPV",2009,72,22.7,15.5,27,NA,NA,NA
"CPV",2010,70,22.1,15.3,26.3,NA,NA,NA
"CPV",2011,67,21.3,14.9,25.2,NA,NA,NA
"CPV",2012,65,20.3,14.3,24,NA,NA,NA
"CPV",2013,63,19.2,13.5,22.5,NA,NA,NA
"CPV",2014,62,17.9,12.6,21,NA,NA,NA
"CPV",2015,61,16.7,11.8,19.5,NA,NA,NA
"CPV",2016,59,15.5,10.9,18.1,NA,NA,NA
"CPV",2017,58,14.5,10.2,16.8,0,1,NA
"CPV",2018,NA,13.6,9.6,15.8,NA,NA,NA
"CPV",2019,NA,12.8,9,14.9,NA,NA,NA
"CRI",2000,40,11.1,7.7,13.1,NA,NA,NA
"CRI",2001,37,10.5,7.5,12.6,NA,NA,NA
"CRI",2002,38,10.1,7.3,12.1,NA,NA,NA
"CRI",2003,37,10,7.2,11.8,1,0,NA
"CRI",2004,36,9.9,7.1,11.5,1,0,NA
"CRI",2005,33,9.9,7.1,11.3,NA,NA,NA
"CRI",2006,35,9.8,7,11.2,NA,NA,NA
"CRI",2007,29,9.7,6.9,11.1,NA,NA,NA
"CRI",2008,29,9.5,6.8,10.9,NA,NA,NA
"CRI",2009,29,9.3,6.7,10.7,1,0,NA
"CRI",2010,32,9.2,6.6,10.5,NA,NA,NA
"CRI",2011,30,8.9,6.5,10.2,NA,NA,NA
"CRI",2012,29,8.6,6.5,9.9,1,0,NA
"CRI",2013,29,8.2,6.4,9.6,NA,NA,NA
"CRI",2014,29,7.9,6.3,9.3,0,1,NA
"CRI",2015,28,7.7,6.3,9.1,NA,NA,NA
"CRI",2016,28,7.6,6.2,8.9,NA,NA,NA
"CRI",2017,27,7.5,6.1,8.7,NA,NA,NA
"CRI",2018,NA,7.4,5.9,8.4,0,1,NA
"CRI",2019,NA,7.2,5.8,8.2,NA,NA,NA
"CUB",2000,46,7,4.3,8.8,0,1,NA
"CUB",2001,44,6.8,4.2,8.5,NA,NA,NA
"CUB",2002,41,6.5,4,8.2,NA,NA,NA
"CUB",2003,41,6.3,3.8,7.9,NA,NA,NA
"CUB",2004,40,6.1,3.6,7.6,0,1,NA
"CUB",2005,41,5.9,3.4,7.4,NA,NA,NA
"CUB",2006,38,5.7,3.3,7.2,NA,NA,NA
"CUB",2007,38,5.5,3.2,6.9,NA,NA,NA
"CUB",2008,40,5.4,3.1,6.7,NA,NA,NA
"CUB",2009,40,5.2,3,6.5,NA,NA,NA
"CUB",2010,41,5.1,2.9,6.4,NA,NA,NA
"CUB",2011,38,5,2.8,6.2,NA,NA,NA
"CUB",2012,39,4.8,2.7,6.1,NA,NA,NA
"CUB",2013,40,4.7,2.6,5.9,NA,NA,NA
"CUB",2014,39,4.6,2.5,5.8,NA,NA,NA
"CUB",2015,38,4.5,2.4,5.7,0,1,NA
"CUB",2016,37,4.4,2.3,5.5,NA,NA,NA
"CUB",2017,36,4.3,2.3,5.4,NA,NA,NA
"CUB",2018,NA,4.3,2.3,5.3,NA,NA,NA
"CUB",2019,NA,4.2,2.3,5.2,NA,NA,NA
"CYP",2000,14,5.6,3.7,6.5,0,1,NA
"CYP",2001,9,5.2,3.4,6,NA,NA,NA
"CYP",2002,10,4.8,3.2,5.6,NA,NA,NA
"CYP",2003,9,4.5,3,5.2,NA,NA,NA
"CYP",2004,9,4.1,2.8,4.8,NA,NA,NA
"CYP",2005,12,3.8,2.6,4.5,NA,NA,NA
"CYP",2006,9,3.6,2.4,4.2,NA,NA,NA
"CYP",2007,8,3.3,2.3,3.9,NA,NA,NA
"CYP",2008,9,3.1,2.1,3.7,NA,NA,NA
"CYP",2009,8,3,2,3.5,NA,NA,NA
"CYP",2010,8,2.8,1.9,3.4,NA,NA,NA
"CYP",2011,8,2.7,1.9,3.2,NA,NA,NA
"CYP",2012,7,2.6,1.8,3.1,NA,NA,NA
"CYP",2013,6,2.5,1.8,3,NA,NA,NA
"CYP",2014,8,2.4,1.7,2.9,NA,NA,NA
"CYP",2015,7,2.4,1.7,2.9,NA,NA,NA
"CYP",2016,6,2.4,1.7,2.9,NA,NA,NA
"CYP",2017,6,2.3,1.7,2.8,NA,NA,NA
"CYP",2018,NA,2.3,1.7,2.8,NA,NA,NA
"CYP",2019,NA,2.3,1.7,2.8,NA,NA,NA
"CZE",2000,7,4.5,2.7,5.5,NA,NA,NA
"CZE",2001,7,4.3,2.5,5.2,NA,NA,NA
"CZE",2002,6,4.1,2.4,5,NA,NA,NA
"CZE",2003,6,3.9,2.4,4.8,NA,NA,NA
"CZE",2004,5,3.7,2.3,4.6,NA,NA,NA
"CZE",2005,5,3.6,2.2,4.4,NA,NA,NA
"CZE",2006,5,3.4,2.1,4.1,NA,NA,NA
"CZE",2007,5,3.2,2,3.9,NA,NA,NA
"CZE",2008,5,3,1.9,3.7,NA,NA,NA
"CZE",2009,4,2.9,1.8,3.5,NA,NA,NA
"CZE",2010,4,2.7,1.7,3.4,NA,NA,NA
"CZE",2011,4,2.6,1.6,3.3,NA,NA,NA
"CZE",2012,4,2.6,1.6,3.2,NA,NA,NA
"CZE",2013,4,2.5,1.6,3.1,NA,NA,NA
"CZE",2014,4,2.5,1.6,3.1,NA,NA,NA
"CZE",2015,4,2.5,1.6,3.2,NA,NA,NA
"CZE",2016,4,2.6,1.6,3.2,NA,NA,NA
"CZE",2017,3,2.6,1.6,3.2,NA,NA,NA
"CZE",2018,NA,2.5,1.6,3.1,NA,NA,NA
"CZE",2019,NA,2.4,1.6,3,NA,NA,NA
"DEU",2000,7,4.4,2.8,5.4,NA,NA,NA
"DEU",2001,7,4.3,2.7,5.2,NA,NA,NA
"DEU",2002,7,4.2,2.7,5.1,NA,NA,NA
"DEU",2003,6,4.1,2.7,5,NA,NA,NA
"DEU",2004,6,4,2.6,4.9,1,0,NA
"DEU",2005,6,3.9,2.6,4.7,NA,NA,NA
"DEU",2006,6,3.8,2.6,4.6,NA,NA,NA
"DEU",2007,6,3.7,2.5,4.5,NA,NA,NA
"DEU",2008,6,3.6,2.4,4.4,NA,NA,NA
"DEU",2009,6,3.5,2.4,4.3,NA,NA,NA
"DEU",2010,6,3.5,2.3,4.2,NA,NA,NA
"DEU",2011,6,3.4,2.3,4.1,NA,NA,NA
"DEU",2012,5,3.4,2.3,4,NA,NA,NA
"DEU",2013,5,3.3,2.3,4,NA,NA,NA
"DEU",2014,5,3.3,2.3,4,NA,NA,NA
"DEU",2015,5,3.3,2.3,3.9,NA,NA,NA
"DEU",2016,5,3.3,2.3,3.9,NA,NA,NA
"DEU",2017,7,3.3,2.3,3.9,NA,NA,0
"DEU",2018,NA,3.2,2.3,3.8,NA,NA,NA
"DEU",2019,NA,3.2,2.3,3.7,NA,NA,NA
"DJI",2000,507,79.9,43.9,101,NA,NA,0
"DJI",2001,490,78.2,43.4,98.6,NA,NA,NA
"DJI",2002,470,76.5,42.7,96.1,NA,NA,NA
"DJI",2003,449,74.7,42.1,93.6,NA,NA,NA
"DJI",2004,426,72.9,41.6,91.1,NA,NA,NA
"DJI",2005,393,71.2,40.9,88.7,0,1,NA
"DJI",2006,361,69.4,40.3,86.1,NA,NA,NA
"DJI",2007,335,67.6,39.7,83.6,0,1,NA
"DJI",2008,320,65.9,39,81.2,0,1,NA
"DJI",2009,299,64.2,38.4,78.8,NA,NA,1
"DJI",2010,283,62.5,37.6,76.6,0,1,NA
"DJI",2011,272,60.9,37,74.4,NA,NA,NA
"DJI",2012,262,59.3,36.3,72.2,NA,NA,NA
"DJI",2013,256,57.8,35.4,70.1,NA,NA,NA
"DJI",2014,256,56.2,34.7,68,NA,NA,NA
"DJI",2015,247,54.6,34,65.8,NA,NA,0
"DJI",2016,246,53.1,33.2,63.8,NA,NA,NA
"DJI",2017,248,51.6,32.5,61.8,NA,NA,NA
"DJI",2018,NA,50.1,31.8,59.7,NA,NA,NA
"DJI",2019,NA,48.6,31.1,57.8,NA,NA,0
"DMA",2000,NA,14.1,12.9,16.9,NA,NA,NA
"DMA",2001,NA,14.5,13.3,17.3,NA,NA,NA
"DMA",2002,NA,14.9,13.8,17.8,NA,NA,NA
"DMA",2003,NA,15.5,14.4,18.4,NA,NA,NA
"DMA",2004,NA,16.1,14.9,19,1,0,NA
"DMA",2005,NA,16.8,15.6,19.7,NA,NA,NA
"DMA",2006,NA,17.5,16.2,20.5,NA,NA,NA
"DMA",2007,NA,18.3,17,21.4,NA,NA,NA
"DMA",2008,NA,19.2,17.8,22.3,NA,NA,NA
"DMA",2009,NA,20.2,18.7,23.4,NA,NA,NA
"DMA",2010,NA,21.3,19.6,24.6,NA,NA,NA
"DMA",2011,NA,22.5,20.7,25.8,NA,NA,NA
"DMA",2012,NA,23.7,21.7,27.1,NA,NA,NA
"DMA",2013,NA,25,22.8,28.4,NA,NA,NA
"DMA",2014,NA,26.2,23.9,29.8,NA,NA,NA
"DMA",2015,NA,27.5,25,31.1,NA,NA,NA
"DMA",2016,NA,28.7,26.1,32.4,NA,NA,NA
"DMA",2017,NA,29.7,27.2,33.5,NA,NA,NA
"DMA",2018,NA,30.6,28.3,34.4,NA,NA,NA
"DMA",2019,NA,31.2,29.2,35,NA,NA,NA
"DNK",2000,8,4.7,3.5,5.7,NA,NA,NA
"DNK",2001,8,4.7,3.4,5.6,NA,NA,NA
"DNK",2002,8,4.6,3.2,5.5,NA,NA,NA
"DNK",2003,7,4.5,3.2,5.4,NA,NA,NA
"DNK",2004,7,4.3,3.1,5.2,NA,NA,NA
"DNK",2005,6,4.2,3.1,5,NA,NA,NA
"DNK",2006,6,4,3,4.8,NA,NA,NA
"DNK",2007,6,3.8,2.9,4.5,NA,NA,NA
"DNK",2008,6,3.7,2.8,4.4,NA,NA,NA
"DNK",2009,6,3.6,2.8,4.2,NA,NA,NA
"DNK",2010,5,3.5,2.8,4.1,NA,NA,NA
"DNK",2011,5,3.4,2.9,4.1,NA,NA,NA
"DNK",2012,5,3.5,3,4.1,NA,NA,NA
"DNK",2013,4,3.5,3,4.1,NA,NA,NA
"DNK",2014,4,3.5,3,4.1,NA,NA,NA
"DNK",2015,4,3.5,3,4.1,NA,NA,NA
"DNK",2016,4,3.5,2.9,4.1,NA,NA,NA
"DNK",2017,4,3.4,2.8,4,NA,NA,NA
"DNK",2018,NA,3.3,2.7,3.9,NA,NA,NA
"DNK",2019,NA,3.2,2.6,3.7,NA,NA,NA
"DOM",2000,80,32.4,23.3,40,NA,NA,NA
"DOM",2001,75,31.7,23.2,39,NA,NA,NA
"DOM",2002,75,31.1,23.1,38.1,NA,NA,NA
"DOM",2003,76,30.6,23.1,37.4,1,0,NA
"DOM",2004,81,30.1,23.2,36.9,NA,NA,NA
"DOM",2005,83,29.8,23.4,36.4,NA,NA,NA
"DOM",2006,86,29.5,23.6,36,NA,NA,NA
"DOM",2007,90,29.3,23.8,35.7,NA,NA,NA
"DOM",2008,92,29.1,24,35.5,NA,NA,NA
"DOM",2009,95,29,24.1,35.3,NA,NA,NA
"DOM",2010,96,28.9,24.2,35.1,NA,NA,NA
"DOM",2011,95,28.8,24.3,35,NA,NA,NA
"DOM",2012,94,28.8,24.3,35,NA,NA,NA
"DOM",2013,94,28.8,24.3,35,NA,NA,NA
"DOM",2014,94,28.8,24.4,35,NA,NA,NA
"DOM",2015,94,28.8,24.4,35,NA,NA,NA
"DOM",2016,94,28.8,24.5,35,NA,NA,NA
"DOM",2017,95,28.7,24.4,34.9,NA,NA,NA
"DOM",2018,NA,28.6,24.2,34.8,NA,NA,NA
"DOM",2019,NA,28.3,23.9,34.4,NA,NA,NA
"DZA",2000,161,33.9,21.1,39.7,NA,NA,1
"DZA",2001,155,33.3,21.1,38.9,NA,NA,1
"DZA",2002,148,32.4,20.9,37.8,NA,NA,1
"DZA",2003,145,31.3,20.8,36.5,1,0,1
"DZA",2004,134,30.1,20.4,35.1,1,0,1
"DZA",2005,127,28.8,20.1,33.6,NA,NA,0
"DZA",2006,122,27.6,19.8,32.1,1,0,0
"DZA",2007,119,26.4,19.4,30.7,NA,NA,0
"DZA",2008,117,25.3,18.9,29.5,NA,NA,1
"DZA",2009,117,24.4,18.2,28.4,NA,NA,1
"DZA",2010,115,23.6,17.5,27.4,NA,NA,0
"DZA",2011,116,22.9,17.1,26.7,NA,NA,0
"DZA",2012,116,22.5,16.9,26.2,NA,NA,0
"DZA",2013,115,22.1,16.4,25.8,NA,NA,0
"DZA",2014,114,21.9,15.7,25.5,1,0,0
"DZA",2015,114,21.6,15.1,25.2,NA,NA,0
"DZA",2016,113,21.3,15.1,24.8,NA,NA,0
"DZA",2017,112,20.9,15.6,24.3,NA,NA,0
"DZA",2018,NA,20.4,16,23.8,NA,NA,0
"DZA",2019,NA,20,16.3,23.3,NA,NA,0
"ECU",2000,122,24.7,14.1,29.5,NA,NA,NA
"ECU",2001,117,23.4,13.4,28,NA,NA,NA
"ECU",2002,110,22.4,12.7,26.6,NA,NA,0
"ECU",2003,100,21.5,12.1,25.4,NA,NA,NA
"ECU",2004,94,20.7,11.6,24.4,NA,NA,1
"ECU",2005,94,19.9,11.1,23.5,NA,NA,NA
"ECU",2006,90,19.2,10.6,22.6,NA,NA,NA
"ECU",2007,85,18.5,10.2,21.7,NA,NA,NA
"ECU",2008,82,17.7,9.7,20.8,NA,NA,NA
"ECU",2009,80,17,9.3,19.9,0,1,1
"ECU",2010,78,16.3,8.9,19,NA,NA,NA
"ECU",2011,76,15.6,8.5,18.1,NA,NA,NA
"ECU",2012,71,14.9,8.1,17.3,NA,NA,NA
"ECU",2013,67,14.3,7.8,16.6,0,1,NA
"ECU",2014,65,13.7,7.5,15.9,1,0,NA
"ECU",2015,63,13.2,7.3,15.4,NA,NA,NA
"ECU",2016,61,12.8,7.1,14.8,1,0,NA
"ECU",2017,59,12.4,6.9,14.4,NA,NA,NA
"ECU",2018,NA,12,6.9,13.9,NA,NA,NA
"ECU",2019,NA,11.6,6.8,13.4,1,0,NA
"EGY",2000,64,37.1,22.4,46.6,NA,NA,0
"EGY",2001,63,35.2,21.7,43.9,NA,NA,0
"EGY",2002,60,33.5,21,41.5,1,0,NA
"EGY",2003,57,32,20.3,39.4,NA,NA,NA
"EGY",2004,54,30.6,19.7,37.5,NA,NA,NA
"EGY",2005,52,29.3,19,35.7,NA,NA,1
"EGY",2006,50,28.2,18.2,34.2,NA,NA,1
"EGY",2007,47,27.1,17.5,32.7,NA,NA,0
"EGY",2008,45,26,16.7,31.3,NA,NA,NA
"EGY",2009,45,25,16,29.9,NA,NA,0
"EGY",2010,45,24,15.2,28.7,NA,NA,0
"EGY",2011,42,23.1,14.6,27.5,NA,NA,0
"EGY",2012,42,22.2,13.9,26.3,NA,NA,0
"EGY",2013,40,21.3,13.4,25.3,NA,NA,1
"EGY",2014,39,20.5,12.8,24.3,NA,NA,0
"EGY",2015,39,19.8,12.3,23.3,NA,NA,1
"EGY",2016,38,19.1,11.9,22.5,NA,NA,1
"EGY",2017,37,18.5,11.5,21.7,NA,NA,1
"EGY",2018,NA,17.8,11.1,20.9,NA,NA,1
"EGY",2019,NA,17.2,10.7,20.1,NA,NA,1
"ERI",2000,1280,56.1,27,85.2,NA,NA,1
"ERI",2001,1180,53.8,26.5,81.1,NA,NA,1
"ERI",2002,1130,51.6,26.1,77.3,NA,NA,NA
"ERI",2003,1060,49.6,25.6,73.8,NA,NA,NA
"ERI",2004,938,47.8,25.2,70.5,NA,NA,0
"ERI",2005,804,46.1,24.7,67.5,NA,NA,NA
"ERI",2006,705,44.5,24.2,64.6,NA,NA,NA
"ERI",2007,635,43,23.7,61.9,NA,NA,NA
"ERI",2008,605,41.5,23.2,59.4,0,1,NA
"ERI",2009,583,40.2,22.6,57.1,NA,NA,0
"ERI",2010,567,39,22.1,55.1,NA,NA,NA
"ERI",2011,558,37.9,21.5,53.1,NA,NA,NA
"ERI",2012,549,36.8,21.1,51.2,NA,NA,NA
"ERI",2013,540,35.8,20.6,49.5,NA,NA,NA
"ERI",2014,530,34.9,20.2,47.9,NA,NA,NA
"ERI",2015,518,34,19.7,46.3,NA,NA,NA
"ERI",2016,498,33.1,19.3,44.8,NA,NA,NA
"ERI",2017,480,32.2,18.9,43.3,NA,NA,1
"ERI",2018,NA,31.3,18.5,41.9,NA,NA,NA
"ERI",2019,NA,30.5,18.1,40.6,NA,NA,NA
"ESP",2000,5,4.4,2.8,5.4,NA,NA,NA
"ESP",2001,5,4.3,2.7,5.3,NA,NA,0
"ESP",2002,5,4.2,2.7,5.1,NA,NA,0
"ESP",2003,5,4.1,2.6,5,NA,NA,0
"ESP",2004,5,3.9,2.5,4.9,NA,NA,0
"ESP",2005,5,3.8,2.4,4.7,NA,NA,1
"ESP",2006,4,3.7,2.3,4.5,NA,NA,NA
"ESP",2007,4,3.6,2.2,4.4,NA,NA,NA
"ESP",2008,4,3.4,2.2,4.2,NA,NA,NA
"ESP",2009,4,3.3,2.1,4,NA,NA,0
"ESP",2010,4,3.1,2.1,3.8,NA,NA,0
"ESP",2011,4,3,2.1,3.7,1,0,NA
"ESP",2012,4,2.9,2.1,3.6,NA,NA,0
"ESP",2013,4,2.8,2,3.5,NA,NA,NA
"ESP",2014,4,2.8,2,3.4,NA,NA,NA
"ESP",2015,4,2.7,1.9,3.3,NA,NA,NA
"ESP",2016,4,2.7,1.9,3.3,NA,NA,NA
"ESP",2017,4,2.7,1.9,3.3,NA,NA,NA
"ESP",2018,NA,2.7,1.8,3.3,NA,NA,0
"ESP",2019,NA,2.7,1.8,3.3,NA,NA,NA
"EST",2000,29,8.7,5.3,10.9,NA,NA,NA
"EST",2001,27,8,4.8,10.1,NA,NA,NA
"EST",2002,25,7.3,4.4,9.3,NA,NA,NA
"EST",2003,20,6.7,4,8.5,NA,NA,NA
"EST",2004,18,6.2,3.7,7.8,NA,NA,NA
"EST",2005,18,5.7,3.4,7.2,NA,NA,NA
"EST",2006,16,5.2,3.1,6.6,NA,NA,NA
"EST",2007,17,4.7,2.8,6,NA,NA,NA
"EST",2008,14,4.3,2.5,5.5,NA,NA,NA
"EST",2009,14,4,2.3,5,NA,NA,NA
"EST",2010,11,3.6,2.1,4.6,NA,NA,NA
"EST",2011,13,3.3,1.9,4.2,NA,NA,NA
"EST",2012,12,3,1.7,3.9,NA,NA,NA
"EST",2013,10,2.8,1.6,3.6,NA,NA,NA
"EST",2014,11,2.6,1.5,3.3,NA,NA,NA
"EST",2015,10,2.4,1.4,3.1,NA,NA,NA
"EST",2016,11,2.2,1.3,2.8,NA,NA,NA
"EST",2017,9,2.1,1.2,2.6,NA,NA,NA
"EST",2018,NA,1.9,1.1,2.4,NA,NA,NA
"EST",2019,NA,1.8,1,2.3,NA,NA,NA
"ETH",2000,1030,87.2,48.6,140.7,NA,NA,1
"ETH",2001,988,83.8,47.8,134.6,NA,NA,1
"ETH",2002,985,80.3,46.8,128.3,NA,NA,1
"ETH",2003,972,76.7,45.8,121.8,0,1,1
"ETH",2004,929,73.1,44.8,115.3,NA,NA,1
"ETH",2005,865,69.5,43.7,108.9,0,1,1
"ETH",2006,795,66.1,42.6,102.8,NA,NA,1
"ETH",2007,731,62.8,41.4,97,NA,NA,1
"ETH",2008,681,59.8,40.2,91.6,0,1,1
"ETH",2009,638,57,39.1,86.7,0,1,1
"ETH",2010,597,54.3,37.9,82,0,1,1
"ETH",2011,558,51.9,36.7,77.7,0,1,1
"ETH",2012,527,49.5,35.5,73.5,NA,NA,1
"ETH",2013,498,47.3,34.3,69.6,NA,NA,1
"ETH",2014,472,45.2,33.1,65.9,NA,NA,1
"ETH",2015,446,43.2,31.9,62.4,0,1,1
"ETH",2016,422,41.3,30.7,59,NA,NA,1
"ETH",2017,401,39.5,29.7,55.9,NA,NA,1
"ETH",2018,NA,38,28.7,53.2,NA,NA,1
"ETH",2019,NA,36.6,27.8,50.8,NA,NA,1
"FIN",2000,6,3.5,2.5,4.3,NA,NA,NA
"FIN",2001,5,3.4,2.4,4.2,NA,NA,NA
"FIN",2002,5,3.3,2.3,4.1,NA,NA,NA
"FIN",2003,5,3.3,2.2,4,NA,NA,NA
"FIN",2004,5,3.2,2.1,3.9,NA,NA,NA
"FIN",2005,5,3.1,2.1,3.7,NA,NA,NA
"FIN",2006,4,3,2,3.6,NA,NA,NA
"FIN",2007,4,2.8,1.9,3.5,NA,NA,NA
"FIN",2008,4,2.7,1.8,3.3,NA,NA,NA
"FIN",2009,4,2.6,1.8,3.2,NA,NA,NA
"FIN",2010,4,2.5,1.7,3,NA,NA,NA
"FIN",2011,4,2.4,1.6,2.9,NA,NA,NA
"FIN",2012,4,2.3,1.5,2.8,NA,NA,NA
"FIN",2013,4,2.2,1.4,2.7,NA,NA,NA
"FIN",2014,3,2.1,1.4,2.6,NA,NA,NA
"FIN",2015,3,2,1.4,2.5,NA,NA,NA
"FIN",2016,3,2,1.4,2.4,NA,NA,NA
"FIN",2017,3,2,1.4,2.4,NA,NA,NA
"FIN",2018,NA,1.9,1.4,2.4,NA,NA,NA
"FIN",2019,NA,1.9,1.4,2.3,NA,NA,NA
"FJI",2000,51,19.1,10.1,22.4,NA,NA,NA
"FJI",2001,49,19,10.2,22.3,NA,NA,NA
"FJI",2002,48,19,10.5,22.4,NA,NA,NA
"FJI",2003,48,19.2,11,22.5,NA,NA,NA
"FJI",2004,47,19.4,11.4,22.8,NA,NA,NA
"FJI",2005,46,19.7,11.6,23.1,NA,NA,NA
"FJI",2006,44,19.9,11.5,23.4,NA,NA,NA
"FJI",2007,43,20.1,11,23.7,NA,NA,NA
"FJI",2008,42,20.2,10.3,23.8,NA,NA,NA
"FJI",2009,40,20.1,9.7,23.7,NA,NA,NA
"FJI",2010,39,20,9.3,23.6,NA,NA,NA
"FJI",2011,38,20,9,23.6,NA,NA,NA
"FJI",2012,38,20,9,23.5,NA,NA,NA
"FJI",2013,37,20.1,9.1,23.7,NA,NA,NA
"FJI",2014,36,20.3,9.4,23.9,NA,NA,NA
"FJI",2015,35,20.6,9.8,24.4,0,1,NA
"FJI",2016,34,21.1,10.2,24.9,NA,NA,NA
"FJI",2017,34,21.5,10.6,25.5,NA,NA,NA
"FJI",2018,NA,22.1,11,26.2,NA,NA,NA
"FJI",2019,NA,22.6,11.4,26.9,NA,NA,NA
"FRA",2000,10,4.1,2.8,5.4,NA,NA,NA
"FRA",2001,10,3.9,2.7,5.3,NA,NA,NA
"FRA",2002,10,3.7,2.7,5.1,NA,NA,NA
"FRA",2003,9,3.6,2.6,4.9,NA,NA,NA
"FRA",2004,9,3.4,2.5,4.8,NA,NA,NA
"FRA",2005,9,3.3,2.4,4.6,NA,NA,NA
"FRA",2006,9,3.3,2.4,4.5,NA,NA,NA
"FRA",2007,9,3.2,2.4,4.4,NA,NA,NA
"FRA",2008,9,3.2,2.4,4.4,NA,NA,0
"FRA",2009,9,3.1,2.4,4.3,NA,NA,NA
"FRA",2010,9,3.1,2.3,4.2,NA,NA,NA
"FRA",2011,9,3.1,2.3,4.2,NA,NA,NA
"FRA",2012,9,3.1,2.3,4.1,NA,NA,NA
"FRA",2013,9,3.1,2.3,4.1,NA,NA,0
"FRA",2014,8,3.1,2.4,4.1,NA,NA,NA
"FRA",2015,8,3.2,2.4,4.2,NA,NA,NA
"FRA",2016,8,3.2,2.5,4.2,NA,NA,1
"FRA",2017,8,3.3,2.6,4.3,NA,NA,1
"FRA",2018,NA,3.4,2.6,4.3,NA,NA,0
"FRA",2019,NA,3.4,2.6,4.3,1,0,0
"FSM",2000,154,30.8,20,37.8,NA,NA,NA
"FSM",2001,150,30,19.6,36.7,NA,NA,NA
"FSM",2002,163,29.4,19.2,35.9,NA,NA,NA
"FSM",2003,141,29,18.8,35.2,NA,NA,NA
"FSM",2004,137,28.7,18.6,34.8,NA,NA,NA
"FSM",2005,133,28.6,18.5,34.7,NA,NA,NA
"FSM",2006,128,28.5,18.4,34.6,NA,NA,NA
"FSM",2007,123,28.4,18.3,34.5,NA,NA,NA
"FSM",2008,118,28.2,18.2,34.2,NA,NA,NA
"FSM",2009,114,27.8,17.9,33.7,NA,NA,NA
"FSM",2010,110,27.4,17.5,33.1,NA,NA,NA
"FSM",2011,106,26.8,17.1,32.3,NA,NA,NA
"FSM",2012,103,26.2,16.7,31.6,NA,NA,NA
"FSM",2013,99,25.6,16.2,30.7,NA,NA,NA
"FSM",2014,96,24.9,15.6,29.9,NA,NA,NA
"FSM",2015,95,24.2,15.2,28.9,NA,NA,NA
"FSM",2016,90,23.5,14.7,28,0,1,NA
"FSM",2017,88,22.7,14.2,27,NA,NA,NA
"FSM",2018,NA,22.1,13.7,26.2,NA,NA,NA
"FSM",2019,NA,21.5,13.3,25.4,NA,NA,NA
"GAB",2000,380,53.3,26.9,82.9,NA,NA,NA
"GAB",2001,370,52.3,26.6,81.4,NA,NA,NA
"GAB",2002,361,51.2,26.3,79.6,NA,NA,NA
"GAB",2003,356,50.2,26,77.8,NA,NA,NA
"GAB",2004,354,49,25.7,75.8,NA,NA,NA
"GAB",2005,348,47.7,25.4,73.6,NA,NA,NA
"GAB",2006,340,46.6,25.1,71.6,NA,NA,NA
"GAB",2007,336,45.2,24.8,69.2,NA,NA,NA
"GAB",2008,332,43.9,24.5,66.7,NA,NA,NA
"GAB",2009,324,42.9,24.2,64.2,NA,NA,NA
"GAB",2010,314,41.6,23.8,61.7,NA,NA,NA
"GAB",2011,304,40.4,23.5,59.3,NA,NA,NA
"GAB",2012,292,39.1,23.1,57.1,NA,NA,NA
"GAB",2013,277,37.9,22.7,54.9,NA,NA,NA
"GAB",2014,267,37.2,22.2,52.8,NA,NA,NA
"GAB",2015,261,36.1,21.8,50.3,NA,NA,NA
"GAB",2016,256,34.6,21.3,47.4,NA,NA,NA
"GAB",2017,252,33.7,20.9,45.5,NA,NA,NA
"GAB",2018,NA,32.5,20.5,44.1,NA,NA,NA
"GAB",2019,NA,31.5,20.1,43,NA,NA,NA
"GBR",2000,10,5.6,3.8,6.5,NA,NA,NA
"GBR",2001,11,5.5,3.7,6.4,NA,NA,0
"GBR",2002,11,5.4,3.6,6.3,NA,NA,0
"GBR",2003,11,5.3,3.6,6.2,NA,NA,0
"GBR",2004,11,5.2,3.5,6.1,NA,NA,0
"GBR",2005,11,5.1,3.5,6,NA,NA,0
"GBR",2006,11,5,3.4,5.9,NA,NA,1
"GBR",2007,11,4.9,3.3,5.8,1,0,0
"GBR",2008,11,4.8,3.2,5.6,NA,NA,NA
"GBR",2009,10,4.6,3.1,5.4,NA,NA,NA
"GBR",2010,10,4.4,3,5.2,NA,NA,0
"GBR",2011,9,4.3,3,5,NA,NA,NA
"GBR",2012,8,4.1,2.9,4.8,NA,NA,0
"GBR",2013,8,4,2.8,4.7,NA,NA,NA
"GBR",2014,8,3.9,2.7,4.5,NA,NA,NA
"GBR",2015,8,3.8,2.7,4.5,NA,NA,NA
"GBR",2016,7,3.8,2.7,4.4,NA,NA,NA
"GBR",2017,7,3.8,2.8,4.4,NA,NA,NA
"GBR",2018,NA,3.7,2.8,4.3,NA,NA,NA
"GBR",2019,NA,3.7,2.8,4.3,NA,NA,NA
"GEO",2000,31,31.9,22.8,36.6,0,1,NA
"GEO",2001,33,29.9,21.7,34.1,NA,NA,NA
"GEO",2002,42,27.7,20.3,31.5,1,0,NA
"GEO",2003,37,25.5,18.9,28.8,NA,NA,0
"GEO",2004,38,23.2,17.4,26.2,NA,NA,NA
"GEO",2005,39,21,15.9,23.6,NA,NA,0
"GEO",2006,33,19,14.5,21.3,NA,NA,NA
"GEO",2007,36,17.1,13.2,19.1,NA,NA,NA
"GEO",2008,39,15.4,12,17.2,NA,NA,NA
"GEO",2009,43,13.9,11,15.6,1,0,1
"GEO",2010,32,12.7,10.1,14.2,NA,NA,NA
"GEO",2011,32,11.6,9.3,13,NA,NA,0
"GEO",2012,30,10.8,8.6,12.1,NA,NA,0
"GEO",2013,30,10.2,8,11.4,NA,NA,NA
"GEO",2014,29,9.7,7.3,10.9,NA,NA,NA
"GEO",2015,27,9.4,6.7,10.5,NA,NA,NA
"GEO",2016,26,9.1,6.2,10.2,NA,NA,NA
"GEO",2017,25,8.8,5.8,9.9,NA,NA,NA
"GEO",2018,NA,8.7,5.4,9.7,NA,NA,NA
"GEO",2019,NA,8.4,5.2,9.5,NA,NA,NA
"GHA",2000,484,64.3,35.8,99.7,NA,NA,NA
"GHA",2001,445,62.1,34.9,95.7,NA,NA,1
"GHA",2002,415,59.9,34.2,91.9,NA,NA,1
"GHA",2003,398,58,33.5,88.5,NA,NA,1
"GHA",2004,384,56.4,33,85.6,NA,NA,NA
"GHA",2005,371,54.9,32.6,83,NA,NA,NA
"GHA",2006,359,53.5,32.2,80.6,NA,NA,NA
"GHA",2007,349,52.1,31.7,78,NA,NA,NA
"GHA",2008,342,50.5,31.2,75.3,NA,NA,NA
"GHA",2009,339,48.8,30.5,72.3,NA,NA,0
"GHA",2010,339,47,29.8,69.1,NA,NA,0
"GHA",2011,339,45.2,29,65.9,NA,NA,0
"GHA",2012,336,43.4,28.2,62.7,NA,NA,NA
"GHA",2013,331,41.8,27.5,59.8,NA,NA,NA
"GHA",2014,325,40.2,26.8,57.1,NA,NA,NA
"GHA",2015,320,38.8,26,54.6,NA,NA,NA
"GHA",2016,314,37.4,25.4,52.2,NA,NA,NA
"GHA",2017,308,36.2,24.7,50.1,NA,NA,NA
"GHA",2018,NA,35,24.1,48.1,NA,NA,NA
"GHA",2019,NA,34,23.5,46.4,NA,NA,NA
"GIN",2000,1020,99.9,45.5,164.2,NA,NA,0
"GIN",2001,1070,96.2,43.4,157.4,NA,NA,1
"GIN",2002,1090,92.7,41.9,150.9,NA,NA,1
"GIN",2003,1080,89.5,40.7,144.9,NA,NA,NA
"GIN",2004,1020,86.5,39.6,139.5,NA,NA,NA
"GIN",2005,920,83.9,38.5,134.7,NA,NA,NA
"GIN",2006,831,81.5,37.4,130.4,NA,NA,0
"GIN",2007,772,79.4,36.5,126.6,NA,NA,0
"GIN",2008,754,77.6,35.8,123.3,NA,NA,0
"GIN",2009,750,75.9,35.3,120.3,NA,NA,NA
"GIN",2010,747,74.4,34.7,117.7,NA,NA,1
"GIN",2011,748,73.1,34.2,115.3,NA,NA,0
"GIN",2012,744,71.8,33.6,113,NA,NA,1
"GIN",2013,731,70.5,33,110.7,NA,NA,0
"GIN",2014,767,69.5,32.4,109.2,NA,NA,1
"GIN",2015,699,68.4,31.9,107.3,NA,NA,NA
"GIN",2016,621,67.1,31.4,104.6,NA,NA,0
"GIN",2017,576,66,31.1,102.6,NA,NA,NA
"GIN",2018,NA,64.7,30.7,100.4,NA,NA,NA
"GIN",2019,NA,63.4,30.3,98,NA,NA,NA
"GMB",2000,932,61.6,40.6,113.4,NA,NA,NA
"GMB",2001,905,59.8,39.8,108.7,NA,NA,NA
"GMB",2002,876,58.1,39.1,104.2,0,1,NA
"GMB",2003,843,56.4,38.4,99.8,NA,NA,NA
"GMB",2004,802,54.7,37.7,95.6,NA,NA,NA
"GMB",2005,756,53.1,37,91.5,NA,NA,0
"GMB",2006,716,51.5,36.3,87.6,NA,NA,0
"GMB",2007,690,50,35.5,83.8,NA,NA,NA
"GMB",2008,675,48.6,34.7,80.3,NA,NA,NA
"GMB",2009,668,47.1,33.9,76.8,NA,NA,NA
"GMB",2010,661,45.8,33.1,73.6,NA,NA,NA
"GMB",2011,656,44.5,32.4,70.6,NA,NA,NA
"GMB",2012,650,43.2,31.7,67.7,0,1,NA
"GMB",2013,644,42,30.9,65,NA,NA,0
"GMB",2014,637,40.9,30.1,62.4,NA,NA,NA
"GMB",2015,625,39.7,29.4,59.8,0,1,NA
"GMB",2016,611,38.6,28.5,57.4,NA,NA,NA
"GMB",2017,597,37.5,27.8,55.1,NA,NA,NA
"GMB",2018,NA,36.5,27.1,53.1,NA,NA,NA
"GMB",2019,NA,35.6,26.4,51.2,NA,NA,NA
"GNB",2000,1210,105,55.3,173.8,NA,NA,1
"GNB",2001,1180,102.1,54.2,168.4,NA,NA,0
"GNB",2002,1150,99.1,53.3,162.8,0,1,NA
"GNB",2003,1110,95.9,52.5,156.8,NA,NA,NA
"GNB",2004,1050,92.6,51.7,150.7,NA,NA,NA
"GNB",2005,979,89.2,50.9,144.5,NA,NA,NA
"GNB",2006,912,85.9,49.8,138.3,0,1,NA
"GNB",2007,860,82.5,48.7,132.2,NA,NA,NA
"GNB",2008,827,79.1,47.5,126.1,NA,NA,NA
"GNB",2009,800,75.9,46.2,120.2,NA,NA,NA
"GNB",2010,779,72.6,44.8,114.5,NA,NA,NA
"GNB",2011,762,69.6,43.6,109.1,NA,NA,NA
"GNB",2012,744,66.8,42.3,104.2,NA,NA,NA
"GNB",2013,726,64.3,41.2,99.7,NA,NA,NA
"GNB",2014,711,62.1,40.2,95.7,NA,NA,NA
"GNB",2015,694,60,39.2,92.1,NA,NA,NA
"GNB",2016,679,58.1,38.4,88.7,NA,NA,NA
"GNB",2017,667,56.3,37.5,85.5,NA,NA,NA
"GNB",2018,NA,54.6,36.7,82.5,NA,NA,NA
"GNB",2019,NA,53,35.9,79.6,NA,NA,NA
"GNQ",2000,454,107.1,44.3,155.7,NA,NA,NA
"GNQ",2001,421,104.4,43.7,151.4,NA,NA,NA
"GNQ",2002,392,101.7,42.9,147.1,NA,NA,NA
"GNQ",2003,370,99,42.1,142.8,NA,NA,NA
"GNQ",2004,357,96.1,41.2,138.2,NA,NA,NA
"GNQ",2005,344,93.2,40.2,133.5,NA,NA,NA
"GNQ",2006,331,90.3,39.1,129,NA,NA,NA
"GNQ",2007,322,87.4,37.9,124.4,NA,NA,NA
"GNQ",2008,314,84.5,36.9,119.7,NA,NA,NA
"GNQ",2009,310,81.7,35.9,115.3,NA,NA,NA
"GNQ",2010,308,79.1,35.1,111.2,NA,NA,NA
"GNQ",2011,308,76.7,34.3,107.4,NA,NA,NA
"GNQ",2012,305,74.3,33.7,103.6,NA,NA,NA
"GNQ",2013,300,72.1,33,100.2,NA,NA,NA
"GNQ",2014,295,69.9,32.5,96.8,NA,NA,NA
"GNQ",2015,296,67.6,31.8,93.2,NA,NA,NA
"GNQ",2016,301,65.6,31.2,90,NA,NA,NA
"GNQ",2017,301,63.6,30.5,86.9,NA,NA,NA
"GNQ",2018,NA,61.7,29.9,83.9,NA,NA,NA
"GNQ",2019,NA,60,29.2,81.2,NA,NA,NA
"GRC",2000,3,5.6,3.9,6.4,1,0,NA
"GRC",2001,3,5.2,3.6,6,1,0,NA
"GRC",2002,3,4.9,3.3,5.6,1,0,NA
"GRC",2003,3,4.6,3,5.2,1,0,NA
"GRC",2004,3,4.3,2.7,4.9,NA,NA,NA
"GRC",2005,3,4,2.5,4.6,NA,NA,NA
"GRC",2006,3,3.8,2.4,4.3,NA,NA,NA
"GRC",2007,3,3.6,2.2,4.1,NA,NA,NA
"GRC",2008,3,3.5,2.1,4,1,0,NA
"GRC",2009,3,3.4,2.1,3.9,NA,NA,NA
"GRC",2010,3,3.4,2.1,3.9,NA,NA,NA
"GRC",2011,3,3.5,2.2,4,NA,NA,NA
"GRC",2012,3,3.5,2.3,4,NA,NA,NA
"GRC",2013,3,3.6,2.4,4.1,NA,NA,NA
"GRC",2014,3,3.7,2.6,4.3,1,0,NA
"GRC",2015,3,3.8,2.6,4.4,NA,NA,NA
"GRC",2016,3,3.9,2.6,4.4,NA,NA,NA
"GRC",2017,3,3.8,2.6,4.3,1,0,NA
"GRC",2018,NA,3.7,2.5,4.2,NA,NA,NA
"GRC",2019,NA,3.7,2.5,4.2,NA,NA,NA
"GRD",2000,38,12.9,8,15.5,NA,NA,NA
"GRD",2001,36,12.8,8,15.2,NA,NA,NA
"GRD",2002,34,12.6,8,15,NA,NA,NA
"GRD",2003,34,12.5,8,14.8,NA,NA,NA
"GRD",2004,38,12.5,8,14.7,NA,NA,NA
"GRD",2005,33,12.4,8,14.6,NA,NA,NA
"GRD",2006,31,12.5,8,14.6,NA,NA,NA
"GRD",2007,31,12.5,8.1,14.6,NA,NA,NA
"GRD",2008,30,12.7,8.3,14.7,NA,NA,NA
"GRD",2009,30,12.8,8.6,14.9,NA,NA,NA
"GRD",2010,29,13,8.9,15.1,0,1,NA
"GRD",2011,28,13.3,9.3,15.3,NA,NA,NA
"GRD",2012,28,13.5,9.7,15.5,NA,NA,NA
"GRD",2013,27,13.8,10.1,15.8,NA,NA,NA
"GRD",2014,26,14,10.5,16,NA,NA,NA
"GRD",2015,25,14.3,10.7,16.2,NA,NA,NA
"GRD",2016,25,14.5,10.9,16.4,NA,NA,NA
"GRD",2017,25,14.6,11.1,16.6,NA,NA,NA
"GRD",2018,NA,14.7,11.1,16.6,NA,NA,NA
"GRD",2019,NA,14.7,11.1,16.5,NA,NA,NA
"GTM",2000,161,41,21.3,52.1,NA,NA,NA
"GTM",2001,147,39.5,20.7,50.1,1,1,NA
"GTM",2002,145,38.1,20.2,48.1,NA,NA,0
"GTM",2003,137,36.8,19.7,46.2,NA,NA,0
"GTM",2004,137,35.6,19.1,44.4,NA,NA,NA
"GTM",2005,142,34.3,18.6,42.7,NA,NA,0
"GTM",2006,137,33.1,18.2,41,NA,NA,0
"GTM",2007,132,32,17.7,39.4,NA,NA,NA
"GTM",2008,125,30.8,17.3,37.8,NA,NA,0
"GTM",2009,131,29.7,16.8,36.3,0,1,0
"GTM",2010,129,28.6,16.2,34.8,NA,NA,0
"GTM",2011,122,27.6,15.6,33.4,1,0,NA
"GTM",2012,118,26.5,15,32,1,1,1
"GTM",2013,113,25.6,14.4,30.7,1,0,NA
"GTM",2014,107,24.6,13.9,29.5,1,1,NA
"GTM",2015,103,23.7,13.4,28.3,NA,NA,NA
"GTM",2016,98,22.9,12.9,27.3,NA,NA,0
"GTM",2017,95,22.2,12.4,26.4,1,0,NA
"GTM",2018,NA,21.4,12,25.4,0,1,NA
"GTM",2019,NA,20.7,11.5,24.5,NA,NA,NA
"GUY",2000,231,37,27,46.4,NA,NA,NA
"GUY",2001,216,36.2,26.4,45.2,NA,NA,NA
"GUY",2002,227,35.4,26,44.2,NA,NA,NA
"GUY",2003,226,34.7,25.5,43.2,NA,NA,NA
"GUY",2004,220,34,25.2,42.2,NA,NA,NA
"GUY",2005,223,33.4,24.8,41.4,NA,NA,NA
"GUY",2006,221,32.8,24.3,40.5,NA,NA,NA
"GUY",2007,208,32.2,23.9,39.7,NA,NA,NA
"GUY",2008,192,31.7,23.6,39,NA,NA,NA
"GUY",2009,185,31.1,23.2,38.2,NA,NA,0
"GUY",2010,179,30.6,22.8,37.4,0,1,NA
"GUY",2011,180,30,22.4,36.7,NA,NA,NA
"GUY",2012,185,29.4,21.9,35.9,NA,NA,NA
"GUY",2013,175,28.8,21.4,35,NA,NA,NA
"GUY",2014,174,28.1,20.8,34.1,NA,NA,NA
"GUY",2015,172,27.4,20.2,33.1,NA,NA,NA
"GUY",2016,170,26.6,19.6,32.1,NA,NA,NA
"GUY",2017,169,25.9,19.1,31.2,NA,NA,NA
"GUY",2018,NA,25.2,18.4,30.2,NA,NA,NA
"GUY",2019,NA,24.5,17.9,29.3,NA,NA,NA
"HND",2000,85,30.3,17.7,37,0,1,0
"HND",2001,83,29,17.1,35.3,0,1,0
"HND",2002,80,27.8,16.6,33.7,0,1,NA
"HND",2003,78,26.6,16.1,32.1,NA,NA,0
"HND",2004,77,25.5,15.6,30.6,0,1,0
"HND",2005,77,24.4,15.2,29.2,NA,NA,1
"HND",2006,77,23.4,14.7,27.9,NA,NA,NA
"HND",2007,77,22.4,14.2,26.7,1,0,NA
"HND",2008,76,21.5,13.7,25.5,NA,NA,NA
"HND",2009,75,20.6,13.2,24.4,1,1,0
"HND",2010,74,19.8,12.7,23.3,NA,NA,NA
"HND",2011,72,19.1,12.2,22.4,NA,NA,0
"HND",2012,70,18.4,11.7,21.5,0,1,0
"HND",2013,69,17.7,11.3,20.7,NA,NA,0
"HND",2014,68,17.1,10.9,20,0,1,NA
"HND",2015,67,16.5,10.5,19.2,NA,NA,0
"HND",2016,65,16,10.1,18.6,NA,NA,NA
"HND",2017,65,15.4,9.8,18,NA,NA,0
"HND",2018,NA,14.9,9.4,17.4,0,1,NA
"HND",2019,NA,14.4,9.1,16.8,NA,NA,NA
"HRV",2000,11,7.2,5.5,8.3,NA,NA,NA
"HRV",2001,10,6.9,5.3,8,NA,NA,NA
"HRV",2002,10,6.6,5,7.7,NA,NA,NA
"HRV",2003,10,6.3,4.7,7.3,0,1,NA
"HRV",2004,10,6.1,4.4,7,NA,NA,NA
"HRV",2005,10,5.8,4.2,6.7,NA,NA,NA
"HRV",2006,9,5.5,4,6.4,NA,NA,NA
"HRV",2007,9,5.3,3.9,6.2,NA,NA,NA
"HRV",2008,9,5.1,3.8,5.9,NA,NA,NA
"HRV",2009,9,4.9,3.7,5.7,NA,NA,NA
"HRV",2010,9,4.7,3.6,5.5,NA,NA,NA
"HRV",2011,9,4.5,3.4,5.3,NA,NA,NA
"HRV",2012,8,4.4,3.3,5.2,NA,NA,NA
"HRV",2013,9,4.3,3.2,5.1,NA,NA,NA
"HRV",2014,8,4.3,3.1,5,NA,NA,NA
"HRV",2015,8,4.2,3.1,4.9,NA,NA,NA
"HRV",2016,7,4.1,3,4.8,NA,NA,NA
"HRV",2017,8,4.1,3,4.8,NA,NA,NA
"HRV",2018,NA,4,3,4.7,NA,NA,NA
"HRV",2019,NA,3.9,3,4.6,NA,NA,NA
"HTI",2000,437,74.5,29.8,103.9,NA,NA,0
"HTI",2001,437,72.3,29.5,100.5,NA,NA,NA
"HTI",2002,441,70.3,29.3,97.3,NA,NA,NA
"HTI",2003,446,68.4,29.3,94.4,0,1,NA
"HTI",2004,513,66.7,29.4,91.8,NA,NA,NA
"HTI",2005,459,65.3,29.4,89.4,NA,NA,1
"HTI",2006,467,63.8,29.3,87.2,NA,NA,0
"HTI",2007,473,62.5,29.2,85.2,NA,NA,NA
"HTI",2008,484,61.3,29,83.2,NA,NA,NA
"HTI",2009,484,60,28.7,81.2,NA,NA,NA
"HTI",2010,506,102.6,30.6,203.6,1,0,NA
"HTI",2011,496,57.6,28.3,77.4,NA,NA,NA
"HTI",2012,500,56.4,28.1,75.6,NA,NA,NA
"HTI",2013,496,55.3,27.8,73.7,NA,NA,NA
"HTI",2014,492,54.1,27.5,71.9,0,1,NA
"HTI",2015,488,52.8,27.1,69.9,NA,NA,NA
"HTI",2016,489,51.5,26.6,67.9,0,1,NA
"HTI",2017,480,50.3,26.2,66,NA,NA,NA
"HTI",2018,NA,49,25.7,64.1,1,0,0
"HTI",2019,NA,47.8,25.2,62.2,NA,NA,1
"HUN",2000,16,8.7,5.8,10.1,NA,NA,NA
"HUN",2001,15,8.2,5.5,9.6,NA,NA,NA
"HUN",2002,16,7.6,5.1,9,NA,NA,NA
"HUN",2003,15,7.1,4.8,8.4,0,1,NA
"HUN",2004,15,6.7,4.4,7.9,NA,NA,NA
"HUN",2005,15,6.4,4.1,7.5,NA,NA,NA
"HUN",2006,14,6.1,3.9,7.2,NA,NA,NA
"HUN",2007,15,5.8,3.8,6.8,NA,NA,NA
"HUN",2008,14,5.5,3.6,6.5,NA,NA,NA
"HUN",2009,13,5.2,3.5,6.2,NA,NA,NA
"HUN",2010,13,5.1,3.4,6,NA,NA,NA
"HUN",2011,13,4.9,3.3,5.9,NA,NA,NA
"HUN",2012,12,4.8,3.2,5.7,NA,NA,NA
"HUN",2013,12,4.7,3,5.6,1,0,NA
"HUN",2014,12,4.5,2.9,5.4,NA,NA,NA
"HUN",2015,12,4.2,2.7,5.1,NA,NA,NA
"HUN",2016,12,4,2.5,4.7,NA,NA,NA
"HUN",2017,12,3.7,2.4,4.4,NA,NA,NA
"HUN",2018,NA,3.5,2.3,4.2,NA,NA,NA
"HUN",2019,NA,3.4,2.2,4.1,NA,NA,NA
"IDN",2000,272,41,22.8,52.2,1,0,1
"IDN",2001,269,39.4,22.1,49.8,1,0,1
"IDN",2002,265,37.8,21.4,47.6,1,0,1
"IDN",2003,261,36.4,20.9,45.5,1,1,1
"IDN",2004,264,37.1,20.5,49.6,1,0,1
"IDN",2005,252,33.6,19.9,41.7,1,0,1
"IDN",2006,249,32.4,19.5,39.9,1,0,1
"IDN",2007,243,31.2,19.1,38.3,1,0,0
"IDN",2008,239,30,18.7,36.7,1,0,0
"IDN",2009,234,29,18.1,35.2,1,0,0
"IDN",2010,228,27.9,17.5,33.8,1,0,NA
"IDN",2011,221,26.9,16.8,32.5,1,0,NA
"IDN",2012,214,25.9,16.1,31.2,1,0,0
"IDN",2013,207,25,15.4,30,1,0,0
"IDN",2014,199,24.1,14.8,28.8,NA,NA,0
"IDN",2015,192,23.2,14.2,27.7,1,1,0
"IDN",2016,184,22.4,13.6,26.6,1,0,0
"IDN",2017,177,21.6,13.1,25.6,1,0,NA
"IDN",2018,NA,20.8,12.6,24.6,1,0,0
"IDN",2019,NA,20.2,12.2,23.8,1,0,0
"IND",2000,370,66.7,44.7,91.7,0,1,1
"IND",2001,354,64.4,43.3,88.1,1,0,1
"IND",2002,336,62.1,41.9,84.5,1,1,1
"IND",2003,319,60,40.5,81.1,NA,NA,1
"IND",2004,303,57.8,39.1,77.8,1,0,1
"IND",2005,286,55.7,37.9,74.4,1,0,1
"IND",2006,270,53.6,36.6,71.1,NA,NA,1
"IND",2007,255,51.5,35.4,67.9,NA,NA,1
"IND",2008,240,49.4,34.3,64.6,NA,NA,1
"IND",2009,225,47.2,33.1,61.4,0,1,1
"IND",2010,210,45.1,31.8,58.2,NA,NA,0
"IND",2011,197,43,30.6,55,1,0,1
"IND",2012,185,40.9,29.4,52,NA,NA,1
"IND",2013,175,38.8,28.2,49,1,0,1
"IND",2014,166,36.9,27,46.2,NA,NA,1
"IND",2015,158,34.9,25.9,43.5,1,1,1
"IND",2016,150,33.1,24.8,41,1,0,1
"IND",2017,145,31.4,23.7,38.6,NA,NA,1
"IND",2018,NA,29.8,22.7,36.3,0,1,1
"IND",2019,NA,28.3,21.4,34.4,NA,NA,1
"IRL",2000,7,6,4,7.1,NA,NA,NA
"IRL",2001,7,5.8,3.9,6.9,NA,NA,NA
"IRL",2002,6,5.5,3.7,6.5,NA,NA,NA
"IRL",2003,6,5.1,3.5,6,NA,NA,NA
"IRL",2004,6,4.7,3.3,5.6,NA,NA,NA
"IRL",2005,7,4.4,3,5.2,NA,NA,NA
"IRL",2006,6,4.1,2.8,4.9,NA,NA,NA
"IRL",2007,6,3.9,2.6,4.6,NA,NA,NA
"IRL",2008,7,3.8,2.5,4.4,NA,NA,NA
"IRL",2009,7,3.6,2.5,4.3,NA,NA,NA
"IRL",2010,6,3.5,2.5,4.2,NA,NA,NA
"IRL",2011,7,3.5,2.5,4.1,NA,NA,NA
"IRL",2012,6,3.4,2.5,4,NA,NA,NA
"IRL",2013,6,3.3,2.5,3.9,NA,NA,NA
"IRL",2014,6,3.3,2.5,3.8,NA,NA,NA
"IRL",2015,6,3.2,2.4,3.7,NA,NA,NA
"IRL",2016,6,3.1,2.3,3.6,NA,NA,NA
"IRL",2017,5,3,2.2,3.4,NA,NA,NA
"IRL",2018,NA,2.8,2.2,3.3,NA,NA,NA
"IRL",2019,NA,2.7,2.1,3.2,NA,NA,NA
"IRN",2000,48,29.7,19.5,36.2,1,0,0
"IRN",2001,44,28.2,18.8,34.2,1,0,0
"IRN",2002,41,26.7,18.1,32.2,1,0,1
"IRN",2003,39,25.1,17.4,30.2,1,0,NA
"IRN",2004,36,23.6,16.7,28.2,1,0,0
"IRN",2005,34,22.2,16,26.4,1,0,NA
"IRN",2006,32,20.9,15.4,24.7,1,0,0
"IRN",2007,30,19.7,14.7,23.1,NA,NA,0
"IRN",2008,28,18.5,14,21.7,1,0,0
"IRN",2009,25,17.4,13.3,20.4,1,0,1
"IRN",2010,22,16.5,12.6,19.3,1,0,1
"IRN",2011,19,15.7,11.9,18.3,NA,NA,1
"IRN",2012,18,15,11.3,17.5,1,0,1
"IRN",2013,17,14.4,10.8,16.8,1,0,0
"IRN",2014,17,13.8,10.4,16.1,1,0,0
"IRN",2015,17,13.3,10,15.5,NA,NA,0
"IRN",2016,16,12.8,9.6,14.9,NA,NA,0
"IRN",2017,16,12.4,9.2,14.4,1,0,0
"IRN",2018,NA,11.9,8.9,13.9,1,0,0
"IRN",2019,NA,11.5,8.6,13.4,1,0,0
"IRQ",2000,79,35.6,23.9,44.5,NA,NA,1
"IRQ",2001,76,34.9,23.6,43.5,NA,NA,1
"IRQ",2002,74,34.3,23.3,42.6,NA,NA,0
"IRQ",2003,136,33.7,23,41.8,NA,NA,1
"IRQ",2004,122,33.1,22.6,40.9,NA,NA,1
"IRQ",2005,127,32.4,22.2,40,NA,NA,1
"IRQ",2006,158,31.8,21.8,39.1,NA,NA,1
"IRQ",2007,138,31.1,21.4,38.1,NA,NA,1
"IRQ",2008,90,30.3,21,37.1,NA,NA,1
"IRQ",2009,75,29.5,20.5,36,NA,NA,1
"IRQ",2010,70,28.7,19.9,34.9,NA,NA,1
"IRQ",2011,67,27.9,19.3,33.8,NA,NA,1
"IRQ",2012,66,27.1,18.7,32.8,NA,NA,1
"IRQ",2013,75,26.3,18.1,31.7,NA,NA,1
"IRQ",2014,92,25.5,17.5,30.7,NA,NA,1
"IRQ",2015,83,24.8,17,29.7,NA,NA,1
"IRQ",2016,78,24.1,16.4,28.8,NA,NA,1
"IRQ",2017,79,23.4,15.9,27.9,1,0,1
"IRQ",2018,NA,22.7,15.4,27,NA,NA,1
"IRQ",2019,NA,22,14.9,26.1,NA,NA,1
"ISL",2000,6,3.2,2.1,4.1,1,0,NA
"ISL",2001,6,3.1,2,3.9,NA,NA,NA
"ISL",2002,6,2.9,1.9,3.7,NA,NA,NA
"ISL",2003,6,2.8,1.8,3.5,NA,NA,NA
"ISL",2004,6,2.7,1.7,3.4,NA,NA,NA
"ISL",2005,5,2.6,1.6,3.2,NA,NA,NA
"ISL",2006,5,2.5,1.6,3.1,NA,NA,NA
"ISL",2007,5,2.4,1.5,3,NA,NA,NA
"ISL",2008,5,2.3,1.4,2.9,NA,NA,NA
"ISL",2009,5,2.2,1.4,2.8,NA,NA,NA
"ISL",2010,5,2.2,1.3,2.7,NA,NA,NA
"ISL",2011,5,2.1,1.3,2.6,NA,NA,NA
"ISL",2012,4,2,1.3,2.5,NA,NA,NA
"ISL",2013,4,1.9,1.2,2.4,NA,NA,NA
"ISL",2014,5,1.9,1.2,2.4,NA,NA,NA
"ISL",2015,4,1.8,1.2,2.3,NA,NA,NA
"ISL",2016,4,1.8,1.1,2.2,NA,NA,NA
"ISL",2017,4,1.7,1.1,2.1,NA,NA,NA
"ISL",2018,NA,1.6,1.1,2.1,NA,NA,NA
"ISL",2019,NA,1.6,1,2,NA,NA,NA
"ITA",2000,4,4.7,3.5,5.6,NA,NA,NA
"ITA",2001,3,4.5,3.2,5.3,NA,NA,NA
"ITA",2002,3,4.3,3.1,5,1,1,NA
"ITA",2003,3,4.1,2.9,4.8,1,0,NA
"ITA",2004,3,3.9,2.8,4.6,NA,NA,NA
"ITA",2005,3,3.8,2.7,4.5,NA,NA,NA
"ITA",2006,2,3.7,2.6,4.3,NA,NA,NA
"ITA",2007,2,3.6,2.5,4.2,NA,NA,NA
"ITA",2008,2,3.5,2.5,4.1,NA,NA,NA
"ITA",2009,2,3.4,2.5,4.1,1,0,NA
"ITA",2010,2,3.4,2.4,4,NA,NA,NA
"ITA",2011,2,3.3,2.4,3.9,NA,NA,NA
"ITA",2012,2,3.2,2.3,3.8,1,1,NA
"ITA",2013,2,3.1,2.2,3.7,NA,NA,NA
"ITA",2014,2,3,2.2,3.6,NA,NA,NA
"ITA",2015,2,3,2.1,3.5,NA,NA,NA
"ITA",2016,2,2.9,2.1,3.4,1,0,NA
"ITA",2017,2,2.8,2,3.3,1,1,NA
"ITA",2018,NA,2.7,1.9,3.2,NA,NA,NA
"ITA",2019,NA,2.6,1.8,3,NA,NA,NA
"JAM",2000,77,18.9,17,22.2,0,1,NA
"JAM",2001,79,18.4,16.5,21.6,NA,NA,NA
"JAM",2002,78,18,16.1,21.1,NA,NA,1
"JAM",2003,79,17.6,15.6,20.7,NA,NA,0
"JAM",2004,80,17.3,15.1,20.3,NA,NA,0
"JAM",2005,80,17,14.7,19.9,NA,NA,NA
"JAM",2006,79,16.7,14.2,19.6,NA,NA,NA
"JAM",2007,79,16.5,13.9,19.2,NA,NA,NA
"JAM",2008,79,16.2,13.6,18.9,NA,NA,NA
"JAM",2009,79,15.8,13.2,18.5,NA,NA,NA
"JAM",2010,79,15.4,12.9,18,NA,NA,NA
"JAM",2011,79,15.1,12.5,17.5,NA,NA,NA
"JAM",2012,79,14.6,12.2,17,NA,NA,NA
"JAM",2013,79,14.2,11.8,16.5,NA,NA,NA
"JAM",2014,78,13.8,11.4,16,0,1,NA
"JAM",2015,78,13.4,11,15.5,NA,NA,NA
"JAM",2016,80,13,10.7,15.1,NA,NA,NA
"JAM",2017,80,12.6,10.3,14.6,NA,NA,NA
"JAM",2018,NA,12.2,10,14.2,NA,NA,NA
"JAM",2019,NA,11.8,9.6,13.7,NA,NA,NA
"JOR",2000,70,22.5,16,26.8,0,1,NA
"JOR",2001,68,22,15.6,26.1,NA,NA,NA
"JOR",2002,65,21.4,15.2,25.3,NA,NA,NA
"JOR",2003,63,20.8,14.7,24.6,NA,NA,NA
"JOR",2004,62,20.2,14.2,23.9,NA,NA,NA
"JOR",2005,62,19.7,13.8,23.2,NA,NA,NA
"JOR",2006,58,19.2,13.3,22.5,NA,NA,1
"JOR",2007,56,18.7,12.9,21.9,NA,NA,NA
"JOR",2008,55,18.1,12.5,21.3,NA,NA,NA
"JOR",2009,54,17.6,12.2,20.7,NA,NA,NA
"JOR",2010,53,17.2,11.8,20.1,NA,NA,NA
"JOR",2011,52,16.7,11.5,19.5,NA,NA,NA
"JOR",2012,52,16.2,11.2,19,NA,NA,NA
"JOR",2013,51,15.8,10.9,18.4,NA,NA,NA
"JOR",2014,49,15.4,10.6,17.9,NA,NA,NA
"JOR",2015,48,15,10.2,17.5,NA,NA,NA
"JOR",2016,47,14.6,10,17,NA,NA,0
"JOR",2017,46,14.1,9.7,16.4,NA,NA,0
"JOR",2018,NA,13.7,9.4,16,NA,NA,NA
"JOR",2019,NA,13.3,9.1,15.5,NA,NA,NA
"JPN",2000,9,3.3,1.8,4.5,1,0,NA
"JPN",2001,8,3.1,1.7,4.3,1,0,NA
"JPN",2002,8,3,1.7,4.1,NA,NA,NA
"JPN",2003,7,2.9,1.6,4,1,0,NA
"JPN",2004,7,2.8,1.5,3.9,1,0,NA
"JPN",2005,7,2.8,1.4,3.7,1,0,NA
"JPN",2006,7,2.7,1.3,3.6,NA,NA,NA
"JPN",2007,6,2.6,1.3,3.5,1,0,NA
"JPN",2008,6,2.5,1.2,3.4,1,0,NA
"JPN",2009,6,2.4,1.2,3.3,1,0,NA
"JPN",2010,6,2.4,1.1,3.2,NA,NA,NA
"JPN",2011,6,2.3,1,3.2,1,0,NA
"JPN",2012,5,2.2,1,3,NA,NA,NA
"JPN",2013,5,2.1,1,2.9,1,0,NA
"JPN",2014,5,2.1,0.9,2.8,1,0,NA
"JPN",2015,5,2,0.9,2.7,NA,NA,NA
"JPN",2016,5,2,0.9,2.7,1,0,NA
"JPN",2017,5,1.9,0.9,2.6,NA,NA,NA
"JPN",2018,NA,1.9,0.9,2.6,1,0,NA
"JPN",2019,NA,1.8,0.9,2.5,1,0,NA
"KAZ",2000,61,36.7,23.9,42.5,NA,NA,NA
"KAZ",2001,57,34.6,23.3,39.9,NA,NA,NA
"KAZ",2002,52,32.6,22.7,37.5,NA,NA,NA
"KAZ",2003,49,30.8,21.8,35.2,1,0,NA
"KAZ",2004,46,29,20.8,33.1,NA,NA,NA
"KAZ",2005,43,27.3,19.7,31,NA,NA,NA
"KAZ",2006,40,25.6,18.5,29,NA,NA,NA
"KAZ",2007,36,23.8,17,26.8,NA,NA,NA
"KAZ",2008,30,21.9,15.3,24.7,NA,NA,NA
"KAZ",2009,24,20,13.5,22.5,NA,NA,NA
"KAZ",2010,22,18.2,11.8,20.4,NA,NA,NA
"KAZ",2011,19,16.4,10.2,18.3,NA,NA,NA
"KAZ",2012,17,14.6,8.6,16.3,NA,NA,NA
"KAZ",2013,14,13,7.3,14.6,NA,NA,NA
"KAZ",2014,13,11.6,6.2,13,NA,NA,NA
"KAZ",2015,12,10.6,5.6,11.9,NA,NA,NA
"KAZ",2016,10,9.8,5.1,11,NA,NA,NA
"KAZ",2017,10,9.4,4.9,10.5,NA,NA,NA
"KAZ",2018,NA,9.2,4.7,10.3,NA,NA,NA
"KAZ",2019,NA,9,4.7,10.1,NA,NA,NA
"KEN",2000,708,59.9,28.2,98.5,NA,NA,1
"KEN",2001,702,57.8,28,94.2,NA,NA,1
"KEN",2002,692,55.5,27.8,89.8,NA,NA,1
"KEN",2003,678,53.2,27.5,85.4,NA,NA,0
"KEN",2004,653,50.8,27.1,81,1,1,0
"KEN",2005,618,48,26.6,76.3,0,1,0
"KEN",2006,583,45.7,26.1,72,NA,NA,1
"KEN",2007,545,43.7,25.6,68,NA,NA,1
"KEN",2008,513,41.4,25.1,63.5,0,1,1
"KEN",2009,472,40.4,24.6,59.9,NA,NA,1
"KEN",2010,432,39.3,24.2,57.4,0,1,1
"KEN",2011,398,38.5,23.9,55.5,0,1,0
"KEN",2012,373,38.2,23.5,54.1,NA,NA,1
"KEN",2013,364,37.4,23.2,52.3,NA,NA,1
"KEN",2014,358,36.4,22.9,50.6,0,1,1
"KEN",2015,353,35.2,22.6,48.9,NA,NA,1
"KEN",2016,346,34.4,22.2,47.2,0,1,1
"KEN",2017,342,33.7,21.8,45.9,NA,NA,0
"KEN",2018,NA,32.7,21.4,44.3,NA,NA,0
"KEN",2019,NA,32,21,43,0,1,0
"KGZ",2000,79,42.5,20.6,49.8,NA,NA,0
"KGZ",2001,76,40.6,20.2,47.4,NA,NA,1
"KGZ",2002,83,38.8,20,45.2,NA,NA,NA
"KGZ",2003,82,37.1,19.9,43.1,NA,NA,NA
"KGZ",2004,79,35.6,19.7,41.1,NA,NA,NA
"KGZ",2005,82,34.1,19.6,39.2,NA,NA,NA
"KGZ",2006,85,32.7,19.5,37.5,1,0,NA
"KGZ",2007,84,31.2,19.1,35.7,NA,NA,0
"KGZ",2008,81,29.6,18.5,33.7,1,0,NA
"KGZ",2009,80,27.8,17.7,31.6,0,1,NA
"KGZ",2010,79,26.1,16.9,29.5,NA,NA,NA
"KGZ",2011,79,24.5,16.3,27.7,1,0,0
"KGZ",2012,74,23.2,15.9,26.1,NA,NA,NA
"KGZ",2013,70,22,15.5,24.7,NA,NA,NA
"KGZ",2014,69,20.9,15.1,23.5,NA,NA,NA
"KGZ",2015,66,19.9,14.6,22.3,1,0,NA
"KGZ",2016,63,18.9,14,21.2,NA,NA,0
"KGZ",2017,60,18,13.4,20.1,1,0,NA
"KGZ",2018,NA,17.1,12.8,19.2,NA,NA,NA
"KGZ",2019,NA,16.4,12.2,18.3,NA,NA,NA
"KHM",2000,488,79.2,35.2,106.3,NA,NA,0
"KHM",2001,456,73.4,33.4,96.6,0,1,0
"KHM",2002,430,67.3,31.5,86.7,0,1,NA
"KHM",2003,404,61.8,29.7,78,NA,NA,NA
"KHM",2004,378,56.9,28.2,70.7,NA,NA,0
"KHM",2005,351,52.8,26.8,64.7,0,1,NA
"KHM",2006,326,49.3,25.6,59.7,NA,NA,NA
"KHM",2007,303,46.2,24.5,55.4,NA,NA,NA
"KHM",2008,284,43.2,23.5,51.3,NA,NA,0
"KHM",2009,265,40.2,22.4,47.5,NA,NA,0
"KHM",2010,248,37.3,21.3,43.8,NA,NA,0
"KHM",2011,232,34.6,20.3,40.5,NA,NA,NA
"KHM",2012,215,32.3,19.3,37.7,NA,NA,0
"KHM",2013,202,30.3,18.3,35.3,NA,NA,0
"KHM",2014,189,28.7,17.2,33.4,NA,NA,NA
"KHM",2015,178,27.3,16.4,31.8,NA,NA,NA
"KHM",2016,168,26,15.6,30.3,0,1,NA
"KHM",2017,160,24.9,14.9,29,NA,NA,NA
"KHM",2018,NA,23.8,14.3,27.7,NA,NA,NA
"KHM",2019,NA,22.9,13.8,26.6,NA,NA,NA
"KIR",2000,136,51.7,28,68.1,NA,NA,NA
"KIR",2001,131,50.7,27.4,66.6,NA,NA,NA
"KIR",2002,127,50,26.9,65.5,NA,NA,NA
"KIR",2003,124,49.5,26.5,64.8,NA,NA,NA
"KIR",2004,121,49.4,26.2,64.6,NA,NA,NA
"KIR",2005,119,49.4,26,64.7,NA,NA,NA
"KIR",2006,117,49.7,25.8,65.1,NA,NA,NA
"KIR",2007,115,50,25.8,65.5,NA,NA,NA
"KIR",2008,115,50,25.7,65.6,NA,NA,NA
"KIR",2009,113,49.8,25.6,65.2,NA,NA,NA
"KIR",2010,112,49.3,25.4,64.4,NA,NA,NA
"KIR",2011,110,48.6,25.2,63.3,NA,NA,NA
"KIR",2012,107,47.8,24.8,62.1,NA,NA,NA
"KIR",2013,104,46.8,24.4,60.8,NA,NA,NA
"KIR",2014,100,45.8,24,59.2,NA,NA,NA
"KIR",2015,97,44.7,23.6,57.6,NA,NA,NA
"KIR",2016,94,43.6,23.2,56,NA,NA,NA
"KIR",2017,92,42.6,22.8,54.5,NA,NA,NA
"KIR",2018,NA,41.4,22.3,52.8,NA,NA,NA
"KIR",2019,NA,40.3,21.9,51.2,NA,NA,NA
"KOR",2000,17,6.5,3.4,7.5,NA,NA,NA
"KOR",2001,15,6.1,3.2,7.1,0,1,NA
"KOR",2002,15,5.8,3,6.8,NA,NA,NA
"KOR",2003,16,5.5,2.8,6.4,NA,NA,NA
"KOR",2004,15,5.1,2.6,6,NA,NA,NA
"KOR",2005,15,4.8,2.4,5.6,NA,NA,NA
"KOR",2006,14,4.4,2.2,5.2,NA,NA,NA
"KOR",2007,15,4.1,2,4.8,NA,NA,NA
"KOR",2008,15,3.9,1.9,4.5,NA,NA,NA
"KOR",2009,16,3.7,1.8,4.3,NA,NA,NA
"KOR",2010,15,3.5,1.8,4.1,NA,NA,NA
"KOR",2011,14,3.4,1.7,4,NA,NA,NA
"KOR",2012,13,3.3,1.7,3.8,NA,NA,NA
"KOR",2013,13,3.2,1.7,3.7,NA,NA,NA
"KOR",2014,12,3.1,1.7,3.6,NA,NA,NA
"KOR",2015,12,3,1.6,3.5,NA,NA,NA
"KOR",2016,11,2.9,1.6,3.4,1,0,NA
"KOR",2017,11,2.8,1.6,3.3,1,0,NA
"KOR",2018,NA,2.8,1.5,3.2,NA,NA,NA
"KOR",2019,NA,2.7,1.5,3.1,NA,NA,NA
"KWT",2000,10,10.7,6.6,12.4,NA,NA,NA
"KWT",2001,10,10.5,6.4,12.2,NA,NA,NA
"KWT",2002,10,10.3,6.2,12,NA,NA,NA
"KWT",2003,10,10.1,6.1,11.8,NA,NA,NA
"KWT",2004,10,10,5.9,11.6,NA,NA,NA
"KWT",2005,10,9.8,5.8,11.4,NA,NA,NA
"KWT",2006,10,9.7,5.8,11.2,NA,NA,NA
"KWT",2007,10,9.5,5.7,11.1,NA,NA,NA
"KWT",2008,10,9.4,5.7,10.9,NA,NA,NA
"KWT",2009,10,9.2,5.6,10.7,NA,NA,NA
"KWT",2010,10,8.9,5.5,10.4,NA,NA,NA
"KWT",2011,10,8.5,5.3,10,NA,NA,NA
"KWT",2012,11,8.2,5.2,9.6,NA,NA,NA
"KWT",2013,11,7.9,5.1,9.2,NA,NA,NA
"KWT",2014,11,7.7,5,8.9,NA,NA,NA
"KWT",2015,11,7.5,4.9,8.8,NA,NA,NA
"KWT",2016,12,7.4,4.9,8.7,NA,NA,1
"KWT",2017,12,7.4,4.9,8.7,NA,NA,NA
"KWT",2018,NA,7.5,4.9,8.7,NA,NA,NA
"KWT",2019,NA,7.5,4.9,8.8,NA,NA,NA
"LAO",2000,544,76.5,38.2,107.2,NA,NA,0
"LAO",2001,517,73.9,37.3,103.1,NA,NA,0
"LAO",2002,491,71.3,36.4,98.9,NA,NA,NA
"LAO",2003,465,68.7,35.5,94.8,NA,NA,0
"LAO",2004,437,66.1,34.6,90.8,NA,NA,0
"LAO",2005,410,63.6,33.6,86.8,NA,NA,0
"LAO",2006,385,61.1,32.7,82.9,NA,NA,NA
"LAO",2007,360,58.7,31.7,79.1,NA,NA,1
"LAO",2008,336,56.3,30.7,75.4,NA,NA,NA
"LAO",2009,314,54,29.8,71.7,NA,NA,NA
"LAO",2010,292,51.8,28.9,68.3,NA,NA,NA
"LAO",2011,272,49.7,28,65.1,NA,NA,NA
"LAO",2012,254,47.6,27.2,61.9,NA,NA,NA
"LAO",2013,238,45.7,26.3,59,NA,NA,NA
"LAO",2014,223,43.8,25.5,56.3,NA,NA,NA
"LAO",2015,209,42.1,24.8,53.8,NA,NA,NA
"LAO",2016,196,40.5,24.1,51.5,NA,NA,NA
"LAO",2017,185,39.1,23.5,49.4,NA,NA,NA
"LAO",2018,NA,37.8,22.8,47.5,NA,NA,NA
"LAO",2019,NA,36.5,22.2,45.7,0,1,NA
"LBN",2000,28,17,11.7,19.9,NA,NA,0
"LBN",2001,27,16,10.9,18.7,NA,NA,0
"LBN",2002,26,15.1,10.2,17.5,NA,NA,0
"LBN",2003,25,14.1,9.6,16.4,NA,NA,0
"LBN",2004,24,13.1,8.9,15.2,NA,NA,0
"LBN",2005,24,12.1,8.2,14.1,NA,NA,NA
"LBN",2006,24,11.2,7.6,13,NA,NA,0
"LBN",2007,23,10.4,7,12.1,NA,NA,1
"LBN",2008,23,9.8,6.6,11.4,NA,NA,NA
"LBN",2009,23,9.2,6.2,10.7,NA,NA,0
"LBN",2010,23,8.7,5.9,10.2,NA,NA,NA
"LBN",2011,25,8.3,5.6,9.7,NA,NA,NA
"LBN",2012,25,8,5.4,9.3,NA,NA,0
"LBN",2013,27,7.7,5.2,9,NA,NA,0
"LBN",2014,28,7.4,5,8.6,NA,NA,1
"LBN",2015,29,7.1,4.8,8.3,NA,NA,1
"LBN",2016,29,6.8,4.6,8,NA,NA,1
"LBN",2017,29,6.6,4.4,7.7,NA,NA,0
"LBN",2018,NA,6.4,4.3,7.4,NA,NA,1
"LBN",2019,NA,6.2,4.1,7.2,NA,NA,0
"LBR",2000,894,127.9,48.1,189.7,NA,NA,1
"LBR",2001,913,119.7,46,176.6,NA,NA,1
"LBR",2002,1010,111.9,43.9,163.7,NA,NA,1
"LBR",2003,878,104.3,41.9,151.3,NA,NA,1
"LBR",2004,837,97.2,40,139.8,NA,NA,1
"LBR",2005,816,90.7,38.4,129.6,NA,NA,NA
"LBR",2006,782,85.3,36.9,121,NA,NA,NA
"LBR",2007,754,80.8,35.6,114,NA,NA,NA
"LBR",2008,738,77.2,34.5,108.2,NA,NA,NA
"LBR",2009,724,74.2,33.5,103.6,NA,NA,NA
"LBR",2010,708,71.8,32.9,99.8,NA,NA,NA
"LBR",2011,694,69.9,32.5,96.7,NA,NA,NA
"LBR",2012,683,68.3,32.3,94.2,NA,NA,NA
"LBR",2013,674,66.9,32.3,92,NA,NA,NA
"LBR",2014,688,66,32.3,92.1,NA,NA,NA
"LBR",2015,691,64.4,32.2,88.3,NA,NA,NA
"LBR",2016,661,63.1,32,86.1,NA,NA,NA
"LBR",2017,661,62,31.8,84.3,NA,NA,NA
"LBR",2018,NA,60.8,31.4,82.5,NA,NA,NA
"LBR",2019,NA,59.5,31.1,80.4,NA,NA,NA
"LBY",2000,70,24.1,15.1,28.1,NA,NA,NA
"LBY",2001,68,23.4,14.7,27.3,NA,NA,NA
"LBY",2002,66,22.7,14.3,26.5,NA,NA,NA
"LBY",2003,64,21.9,13.8,25.5,NA,NA,NA
"LBY",2004,61,21,13.2,24.4,NA,NA,NA
"LBY",2005,57,19.8,12.5,23.1,NA,NA,NA
"LBY",2006,55,18.6,11.7,21.7,NA,NA,NA
"LBY",2007,53,17.3,10.9,20.2,NA,NA,NA
"LBY",2008,52,16.1,10.1,18.8,NA,NA,NA
"LBY",2009,53,15.1,9.5,17.6,NA,NA,0
"LBY",2010,53,14.2,9,16.6,NA,NA,NA
"LBY",2011,56,14.9,8.6,19.4,NA,NA,NA
"LBY",2012,55,12.9,8.1,15,NA,NA,1
"LBY",2013,58,12.3,7.7,14.4,NA,NA,1
"LBY",2014,63,11.8,7.4,13.8,NA,NA,0
"LBY",2015,70,11.4,7.1,13.3,NA,NA,1
"LBY",2016,73,11,6.9,12.8,NA,NA,1
"LBY",2017,72,10.6,6.6,12.3,NA,NA,1
"LBY",2018,NA,10.2,6.4,11.9,NA,NA,1
"LBY",2019,NA,9.9,6.2,11.5,NA,NA,1
"LCA",2000,86,15.6,11.4,18.4,NA,NA,NA
"LCA",2001,86,15.6,11.6,18.3,NA,NA,NA
"LCA",2002,90,15.6,11.8,18.2,NA,NA,NA
"LCA",2003,92,15.7,12,18.3,NA,NA,NA
"LCA",2004,89,15.8,12.2,18.3,NA,NA,NA
"LCA",2005,83,16,12.3,18.4,NA,NA,NA
"LCA",2006,82,16.1,12.3,18.6,NA,NA,NA
"LCA",2007,87,16.4,12.4,18.8,1,0,NA
"LCA",2008,93,16.6,12.5,19,NA,NA,NA
"LCA",2009,100,16.9,12.6,19.3,NA,NA,NA
"LCA",2010,109,17.3,12.7,19.7,0,1,NA
"LCA",2011,116,17.7,12.8,20,NA,NA,NA
"LCA",2012,116,18.1,12.8,20.4,NA,NA,NA
"LCA",2013,108,18.5,12.7,20.9,NA,NA,NA
"LCA",2014,104,19,12.6,21.4,NA,NA,NA
"LCA",2015,115,19.5,12.4,21.9,NA,NA,NA
"LCA",2016,117,20,12.4,22.4,NA,NA,NA
"LCA",2017,117,20.6,12.4,23,NA,NA,NA
"LCA",2018,NA,21.1,12.5,23.5,NA,NA,NA
"LCA",2019,NA,21.6,12.7,24,NA,NA,NA
"LKA",2000,56,14.2,9.7,16.5,NA,NA,1
"LKA",2001,53,13.7,9.1,16,0,1,1
"LKA",2002,50,13.4,8.5,15.5,NA,NA,1
"LKA",2003,50,13,7.9,15.1,NA,NA,0
"LKA",2004,48,17.7,7.6,28.9,1,0,0
"LKA",2005,45,12.2,7,14.2,NA,NA,0
"LKA",2006,47,11.6,6.9,13.5,NA,NA,0
"LKA",2007,43,11,6.9,12.8,NA,NA,1
"LKA",2008,42,10.5,6.8,12.2,NA,NA,1
"LKA",2009,41,13.9,6.8,21.3,NA,NA,1
"LKA",2010,38,9.8,6.4,11.4,NA,NA,1
"LKA",2011,38,9.4,6.3,10.9,NA,NA,NA
"LKA",2012,37,8.9,6.1,10.4,0,1,0
"LKA",2013,37,8.4,5.9,9.8,NA,NA,NA
"LKA",2014,36,7.9,5.5,9.3,0,1,0
"LKA",2015,36,7.5,5.1,8.7,NA,NA,NA
"LKA",2016,36,7.1,4.8,8.2,0,1,NA
"LKA",2017,36,6.7,4.6,7.8,NA,NA,NA
"LKA",2018,NA,6.4,4.4,7.5,NA,NA,0
"LKA",2019,NA,6.2,4.2,7.2,0,1,NA
"LSO",2000,614,70,39.6,106.9,NA,NA,NA
"LSO",2001,633,70.5,39.9,108.8,NA,NA,NA
"LSO",2002,653,71.2,40.1,110.7,0,1,NA
"LSO",2003,671,72.2,40.2,112.7,NA,NA,NA
"LSO",2004,680,73,40.3,114.5,NA,NA,NA
"LSO",2005,679,74,40.5,116.1,NA,NA,NA
"LSO",2006,668,74.5,40.8,116.5,NA,NA,NA
"LSO",2007,652,73.8,41.1,114.3,0,1,NA
"LSO",2008,623,77.1,41.4,113,NA,NA,NA
"LSO",2009,607,73.6,41.7,104.2,NA,NA,NA
"LSO",2010,594,70.9,42,96.4,NA,NA,NA
"LSO",2011,585,69,42.4,93.9,0,1,NA
"LSO",2012,586,70.2,42.8,92.7,NA,NA,NA
"LSO",2013,583,71,43.5,92.6,NA,NA,NA
"LSO",2014,579,71.9,44.1,94.2,NA,NA,NA
"LSO",2015,574,72.6,44.7,94.6,NA,NA,NA
"LSO",2016,559,72.9,45.1,91.5,0,1,NA
"LSO",2017,544,73.1,45.2,91,NA,NA,NA
"LSO",2018,NA,72.1,45.1,90.6,NA,NA,NA
"LSO",2019,NA,71.4,44.8,90.9,0,1,NA
"LTU",2000,17,8.6,4.5,10.7,NA,NA,NA
"LTU",2001,16,8.2,4.4,10.3,NA,NA,NA
"LTU",2002,14,7.9,4.4,9.9,NA,NA,NA
"LTU",2003,14,7.6,4.5,9.5,NA,NA,NA
"LTU",2004,13,7.4,4.5,9.3,NA,NA,NA
"LTU",2005,14,7.3,4.4,9,NA,NA,NA
"LTU",2006,14,6.9,4.1,8.6,0,1,NA
"LTU",2007,14,6.5,3.8,8,NA,NA,NA
"LTU",2008,13,5.9,3.4,7.3,NA,NA,NA
"LTU",2009,11,5.4,3.2,6.7,NA,NA,NA
"LTU",2010,10,4.9,2.9,6,NA,NA,NA
"LTU",2011,10,4.5,2.8,5.5,NA,NA,NA
"LTU",2012,10,4.2,2.6,5.2,NA,NA,NA
"LTU",2013,10,4.1,2.5,5,NA,NA,NA
"LTU",2014,9,4,2.4,4.9,NA,NA,NA
"LTU",2015,9,4,2.4,4.9,NA,NA,NA
"LTU",2016,8,3.9,2.4,4.8,NA,NA,NA
"LTU",2017,8,3.6,2.3,4.4,NA,NA,NA
"LTU",2018,NA,3.3,2.2,4,0,1,NA
"LTU",2019,NA,2.9,2,3.6,NA,NA,NA
"LUX",2000,10,3.7,2.3,4.5,NA,NA,NA
"LUX",2001,10,3.5,2.2,4.2,NA,NA,NA
"LUX",2002,9,3.3,2,4,NA,NA,NA
"LUX",2003,8,3.1,1.9,3.8,NA,NA,NA
"LUX",2004,8,2.9,1.8,3.5,NA,NA,NA
"LUX",2005,9,2.8,1.7,3.4,NA,NA,NA
"LUX",2006,9,2.6,1.7,3.2,NA,NA,NA
"LUX",2007,8,2.5,1.6,3.1,NA,NA,NA
"LUX",2008,6,2.4,1.6,3,NA,NA,NA
"LUX",2009,7,2.4,1.6,2.9,NA,NA,NA
"LUX",2010,8,2.3,1.5,2.8,NA,NA,NA
"LUX",2011,8,2.3,1.5,2.8,NA,NA,NA
"LUX",2012,7,2.3,1.5,2.8,NA,NA,NA
"LUX",2013,6,2.3,1.6,2.8,NA,NA,NA
"LUX",2014,6,2.3,1.6,2.8,NA,NA,NA
"LUX",2015,5,2.3,1.6,2.8,NA,NA,NA
"LUX",2016,5,2.3,1.6,2.8,NA,NA,NA
"LUX",2017,5,2.3,1.7,2.8,NA,NA,NA
"LUX",2018,NA,2.3,1.7,2.8,NA,NA,NA
"LUX",2019,NA,2.3,1.7,2.8,NA,NA,NA
"LVA",2000,34,11.5,7.1,14.2,NA,NA,NA
"LVA",2001,35,10.8,6.6,13.3,NA,NA,NA
"LVA",2002,33,10.2,6.2,12.6,NA,NA,NA
"LVA",2003,34,9.7,5.9,11.9,NA,NA,NA
"LVA",2004,32,9.2,5.6,11.2,NA,NA,NA
"LVA",2005,30,8.6,5.4,10.5,NA,NA,NA
"LVA",2006,32,8.1,5.2,9.8,NA,NA,NA
"LVA",2007,32,7.7,5,9.3,NA,NA,NA
"LVA",2008,29,7.3,4.8,8.8,NA,NA,NA
"LVA",2009,28,6.9,4.5,8.3,NA,NA,NA
"LVA",2010,26,6.5,4.2,7.8,NA,NA,NA
"LVA",2011,26,6.1,3.9,7.2,NA,NA,NA
"LVA",2012,23,5.6,3.5,6.6,NA,NA,NA
"LVA",2013,27,5.1,3.2,6,NA,NA,NA
"LVA",2014,24,4.6,2.9,5.5,NA,NA,NA
"LVA",2015,23,4.3,2.7,5,NA,NA,NA
"LVA",2016,26,4,2.6,4.7,NA,NA,NA
"LVA",2017,19,3.8,2.4,4.4,NA,NA,NA
"LVA",2018,NA,3.6,2.4,4.2,NA,NA,NA
"LVA",2019,NA,3.5,2.3,4.1,NA,NA,NA
"MAR",2000,188,43.9,28.4,52.3,NA,NA,NA
"MAR",2001,174,42.3,27.7,50.1,NA,NA,NA
"MAR",2002,162,40.6,27,48,NA,NA,NA
"MAR",2003,152,39,26.2,45.9,NA,NA,NA
"MAR",2004,142,37.2,25.5,43.7,1,0,1
"MAR",2005,131,35.5,24.6,41.5,NA,NA,NA
"MAR",2006,121,33.6,23.7,39.3,NA,NA,NA
"MAR",2007,113,31.8,22.8,37.1,NA,NA,NA
"MAR",2008,106,30.1,21.7,35,NA,NA,NA
"MAR",2009,99,28.4,20.5,33,NA,NA,NA
"MAR",2010,92,26.8,19.3,31.2,NA,NA,NA
"MAR",2011,86,25.3,18.2,29.5,NA,NA,NA
"MAR",2012,81,23.9,17.2,27.8,NA,NA,NA
"MAR",2013,78,22.6,16.2,26.3,NA,NA,NA
"MAR",2014,76,21.3,15.3,24.9,NA,NA,NA
"MAR",2015,74,20.2,14.5,23.5,NA,NA,NA
"MAR",2016,72,19.1,13.8,22.3,NA,NA,NA
"MAR",2017,70,18.2,13.1,21.2,NA,NA,NA
"MAR",2018,NA,17.4,12.5,20.3,NA,NA,NA
"MAR",2019,NA,16.7,12,19.5,NA,NA,NA
"MDA",2000,44,26.2,20.4,31.5,0,1,NA
"MDA",2001,39,23.9,18.7,28.6,NA,NA,NA
"MDA",2002,38,21.7,17.1,25.8,NA,NA,NA
"MDA",2003,36,19.8,15.6,23.3,NA,NA,NA
"MDA",2004,32,18.3,14.5,21.5,NA,NA,NA
"MDA",2005,34,17.1,13.8,20.1,NA,NA,NA
"MDA",2006,31,16.3,13.3,19,NA,NA,NA
"MDA",2007,31,15.7,13,18.3,0,1,NA
"MDA",2008,29,15.3,12.8,17.8,NA,NA,NA
"MDA",2009,28,15,12.7,17.4,NA,NA,NA
"MDA",2010,29,14.7,12.6,17.1,NA,NA,NA
"MDA",2011,21,14.5,12.4,16.8,NA,NA,NA
"MDA",2012,22,14.2,12.2,16.5,0,1,NA
"MDA",2013,21,14,12,16.3,NA,NA,NA
"MDA",2014,23,13.7,11.7,16,NA,NA,NA
"MDA",2015,22,13.6,11.5,15.8,NA,NA,NA
"MDA",2016,20,13.3,11.3,15.5,NA,NA,NA
"MDA",2017,19,13.1,11.2,15.3,NA,NA,NA
"MDA",2018,NA,12.9,11,15,NA,NA,NA
"MDA",2019,NA,12.7,10.8,14.8,NA,NA,NA
"MDG",2000,559,67.5,30.7,105.4,0,1,NA
"MDG",2001,552,64.9,29.9,100.8,NA,NA,NA
"MDG",2002,547,62.5,29.2,96.5,0,1,NA
"MDG",2003,543,60.2,28.5,92.4,NA,NA,0
"MDG",2004,539,58,27.9,88.5,NA,NA,NA
"MDG",2005,526,55.9,27.3,84.8,0,1,NA
"MDG",2006,513,53.9,26.7,81.3,NA,NA,NA
"MDG",2007,503,52,26,77.9,NA,NA,NA
"MDG",2008,491,50.3,25.5,74.8,0,1,NA
"MDG",2009,474,48.6,24.9,72,NA,NA,NA
"MDG",2010,453,47.1,24.4,69.3,NA,NA,1
"MDG",2011,432,45.8,24,67,NA,NA,NA
"MDG",2012,413,44.6,23.6,64.8,NA,NA,NA
"MDG",2013,394,43.4,23.1,62.7,NA,NA,0
"MDG",2014,378,42.3,22.7,60.8,0,1,NA
"MDG",2015,363,41.3,22.3,59,NA,NA,NA
"MDG",2016,348,40.3,21.9,57.2,0,1,NA
"MDG",2017,335,39.3,21.5,55.5,0,1,NA
"MDG",2018,NA,38.2,21.1,53.7,NA,NA,0
"MDG",2019,NA,37.2,20.7,51.9,NA,NA,NA
"MDV",2000,125,31.7,22.4,39,NA,NA,NA
"MDV",2001,111,28.5,20,34.6,NA,NA,NA
"MDV",2002,105,25.5,17.5,30.7,NA,NA,NA
"MDV",2003,97,22.8,15.3,27.1,NA,NA,NA
"MDV",2004,89,21.4,13.6,26.9,1,0,NA
"MDV",2005,75,18.3,12.1,21.5,NA,NA,NA
"MDV",2006,71,16.5,10.9,19.3,NA,NA,NA
"MDV",2007,71,15.1,9.9,17.6,NA,NA,NA
"MDV",2008,72,13.8,9,16.1,NA,NA,NA
"MDV",2009,71,12.8,8.3,14.9,NA,NA,NA
"MDV",2010,67,11.9,7.7,13.9,NA,NA,NA
"MDV",2011,62,11.1,7,12.9,NA,NA,NA
"MDV",2012,60,10.4,6.5,12.1,NA,NA,NA
"MDV",2013,58,9.7,6.2,11.3,NA,NA,NA
"MDV",2014,56,9.1,5.9,10.5,NA,NA,NA
"MDV",2015,54,8.4,5.7,9.8,NA,NA,NA
"MDV",2016,54,7.7,5.5,9,NA,NA,NA
"MDV",2017,53,7.1,5.2,8.3,NA,NA,NA
"MDV",2018,NA,6.5,4.9,7.6,NA,NA,NA
"MDV",2019,NA,6,4.5,7,NA,NA,NA
"MEX",2000,55,23.8,14.4,28.4,1,0,NA
"MEX",2001,55,22.8,13.4,27.1,NA,NA,NA
"MEX",2002,56,21.9,12.4,26,0,1,NA
"MEX",2003,55,21,11.4,24.9,1,0,1
"MEX",2004,54,20.2,10.5,23.9,NA,NA,NA
"MEX",2005,54,19.5,9.9,22.9,NA,NA,1
"MEX",2006,51,18.8,9.4,22.1,NA,NA,1
"MEX",2007,49,18.2,9.3,21.3,NA,NA,1
"MEX",2008,49,17.6,9.2,20.6,NA,NA,1
"MEX",2009,51,17,9.1,19.9,NA,NA,1
"MEX",2010,46,16.4,9,19.2,1,0,1
"MEX",2011,43,15.9,8.9,18.5,1,1,1
"MEX",2012,41,15.4,8.7,17.9,1,0,1
"MEX",2013,39,14.9,8.5,17.3,NA,NA,1
"MEX",2014,38,14.4,8.3,16.8,1,0,1
"MEX",2015,36,13.9,8.3,16.2,NA,NA,1
"MEX",2016,34,13.5,8.4,15.7,NA,NA,1
"MEX",2017,33,13,8.6,15.2,1,0,1
"MEX",2018,NA,12.6,8.7,14.6,1,0,1
"MEX",2019,NA,12.2,8.6,14.1,NA,NA,1
"MHL",2000,NA,33.9,18.8,42,NA,NA,NA
"MHL",2001,NA,33.9,18.9,42.1,NA,NA,NA
"MHL",2002,NA,33.8,18.8,41.9,NA,NA,NA
"MHL",2003,NA,33.6,18.7,41.7,NA,NA,NA
"MHL",2004,NA,33.4,18.6,41.3,NA,NA,NA
"MHL",2005,NA,33.2,18.5,41,NA,NA,NA
"MHL",2006,NA,32.9,18.3,40.6,NA,NA,NA
"MHL",2007,NA,32.6,18.2,40.2,NA,NA,NA
"MHL",2008,NA,32.3,18.1,39.8,NA,NA,NA
"MHL",2009,NA,32,18,39.4,NA,NA,NA
"MHL",2010,NA,31.7,17.8,39,NA,NA,NA
"MHL",2011,NA,31.4,17.6,38.6,NA,NA,NA
"MHL",2012,NA,30.9,17.4,37.9,NA,NA,NA
"MHL",2013,NA,30.4,17.2,37.2,0,1,NA
"MHL",2014,NA,29.7,16.9,36.3,NA,NA,NA
"MHL",2015,NA,29.1,16.5,35.4,0,1,NA
"MHL",2016,NA,28.4,16,34.4,NA,NA,NA
"MHL",2017,NA,27.7,15.6,33.5,NA,NA,NA
"MHL",2018,NA,26.9,15.1,32.5,NA,NA,NA
"MHL",2019,NA,26.3,14.7,31.6,NA,NA,NA
"MKD",2000,13,14.3,9.6,16,NA,NA,0
"MKD",2001,12,13.2,9,14.8,NA,NA,0
"MKD",2002,12,12.8,8.9,14.3,NA,NA,0
"MKD",2003,10,12.8,9,14.4,NA,NA,NA
"MKD",2004,11,12.7,9,14.3,NA,NA,NA
"MKD",2005,10,12.2,8.7,13.7,NA,NA,NA
"MKD",2006,10,11.5,8.4,13,NA,NA,NA
"MKD",2007,10,10.9,8.1,12.3,NA,NA,NA
"MKD",2008,8,10.3,7.8,11.7,NA,NA,NA
"MKD",2009,8,9.7,7.4,11,NA,NA,NA
"MKD",2010,8,9.2,7,10.4,NA,NA,NA
"MKD",2011,8,8.8,6.7,10,NA,NA,NA
"MKD",2012,8,9,6.9,10.1,NA,NA,NA
"MKD",2013,8,9.4,7.4,10.6,NA,NA,NA
"MKD",2014,8,9.9,7.9,11.2,NA,NA,NA
"MKD",2015,8,10,8.1,11.4,NA,NA,NA
"MKD",2016,8,9.6,7.8,10.9,1,0,NA
"MKD",2017,7,8.5,6.8,9.6,NA,NA,NA
"MKD",2018,NA,7.1,5.5,8.1,NA,NA,NA
"MKD",2019,NA,6,4.5,6.8,NA,NA,NA
"MLI",2000,836,101.5,51,187.4,NA,NA,1
"MLI",2001,797,98.8,49.3,181.1,0,1,NA
"MLI",2002,764,96.1,47.6,174.7,NA,NA,NA
"MLI",2003,739,93.3,46.1,168.3,NA,NA,0
"MLI",2004,715,90.7,44.7,162.2,NA,NA,NA
"MLI",2005,691,88.1,43.6,156.4,0,1,0
"MLI",2006,675,85.7,42.6,150.8,0,1,0
"MLI",2007,663,83.3,41.7,145.4,NA,NA,NA
"MLI",2008,661,81.1,40.8,140.2,NA,NA,0
"MLI",2009,661,78.8,39.8,135.1,NA,NA,1
"MLI",2010,660,76.7,38.9,130.3,0,1,1
"MLI",2011,663,74.6,38,125.6,0,1,0
"MLI",2012,663,72.6,37.1,121,NA,NA,0
"MLI",2013,663,70.6,36.4,116.6,NA,NA,1
"MLI",2014,642,68.7,35.6,112.4,NA,NA,1
"MLI",2015,620,66.8,34.9,108.3,NA,NA,1
"MLI",2016,590,65.1,34.2,104.5,NA,NA,0
"MLI",2017,562,63.4,33.6,100.9,NA,NA,0
"MLI",2018,NA,61.8,32.9,97.4,NA,NA,1
"MLI",2019,NA,60.3,32.3,94.2,NA,NA,1
"MLT",2000,9,6.9,5.2,7.8,NA,NA,NA
"MLT",2001,10,6.6,5,7.5,NA,NA,NA
"MLT",2002,9,6.5,4.9,7.3,NA,NA,NA
"MLT",2003,10,6.3,4.8,7.2,NA,NA,NA
"MLT",2004,9,6.2,4.7,7.1,NA,NA,NA
"MLT",2005,8,6.1,4.6,7,NA,NA,NA
"MLT",2006,8,6,4.5,6.9,NA,NA,NA
"MLT",2007,8,6,4.5,6.8,NA,NA,NA
"MLT",2008,8,5.9,4.5,6.8,NA,NA,NA
"MLT",2009,7,5.9,4.5,6.7,NA,NA,NA
"MLT",2010,8,5.8,4.4,6.7,NA,NA,NA
"MLT",2011,7,5.8,4.4,6.6,NA,NA,NA
"MLT",2012,7,5.8,4.4,6.6,NA,NA,NA
"MLT",2013,7,5.8,4.4,6.6,NA,NA,NA
"MLT",2014,6,5.8,4.4,6.6,NA,NA,NA
"MLT",2015,7,5.7,4.4,6.6,NA,NA,NA
"MLT",2016,6,5.7,4.4,6.6,NA,NA,NA
"MLT",2017,6,5.7,4.4,6.6,NA,NA,NA
"MLT",2018,NA,5.7,4.4,6.5,NA,NA,NA
"MLT",2019,NA,5.7,4.3,6.5,NA,NA,NA
"MMR",2000,340,65.4,37.6,89.6,NA,NA,0
"MMR",2001,331,63.8,36.6,87.1,NA,NA,1
"MMR",2002,323,62.3,35.6,84.7,NA,NA,1
"MMR",2003,314,60.7,34.5,82.3,NA,NA,1
"MMR",2004,307,59.1,33.6,79.7,1,0,1
"MMR",2005,299,57.4,32.6,77.2,NA,NA,0
"MMR",2006,293,55.8,31.7,74.5,NA,NA,1
"MMR",2007,287,54.1,30.9,71.8,NA,NA,1
"MMR",2008,289,63.4,30.5,98.4,NA,NA,1
"MMR",2009,274,50.5,29.2,66.3,NA,NA,0
"MMR",2010,265,48.8,28.5,63.7,NA,NA,1
"MMR",2011,259,47,27.8,61,1,0,1
"MMR",2012,254,45.4,27.1,58.6,1,0,1
"MMR",2013,251,43.8,26.5,56.2,NA,NA,1
"MMR",2014,247,42.3,25.9,54.1,NA,NA,1
"MMR",2015,246,41,25.2,52.2,NA,NA,1
"MMR",2016,245,39.7,24.6,50.3,1,0,1
"MMR",2017,250,38.5,24,48.5,NA,NA,1
"MMR",2018,NA,37.2,23.4,46.8,NA,NA,1
"MMR",2019,NA,36.1,22.9,45.2,NA,NA,0
"MNE",2000,12,12.5,8.6,14.2,NA,NA,NA
"MNE",2001,12,12,8.4,13.6,NA,NA,NA
"MNE",2002,11,11.4,8.2,12.9,NA,NA,NA
"MNE",2003,11,10.6,7.9,12.2,NA,NA,NA
"MNE",2004,10,9.9,7.4,11.4,NA,NA,NA
"MNE",2005,9,9.2,6.9,10.5,NA,NA,NA
"MNE",2006,9,8.4,6.4,9.7,NA,NA,NA
"MNE",2007,8,7.7,5.9,8.9,NA,NA,NA
"MNE",2008,8,7,5.4,8.1,NA,NA,NA
"MNE",2009,8,6.3,4.9,7.4,NA,NA,NA
"MNE",2010,7,5.7,4.4,6.7,NA,NA,NA
"MNE",2011,7,5.1,3.9,6.1,NA,NA,NA
"MNE",2012,7,4.6,3.5,5.5,NA,NA,NA
"MNE",2013,6,4.1,3,4.9,NA,NA,NA
"MNE",2014,6,3.7,2.6,4.4,NA,NA,NA
"MNE",2015,6,3.3,2.3,4,NA,NA,NA
"MNE",2016,6,3,1.9,3.6,NA,NA,NA
"MNE",2017,6,2.6,1.7,3.2,NA,NA,NA
"MNE",2018,NA,2.4,1.4,2.9,NA,NA,NA
"MNE",2019,NA,2.1,1.3,2.6,NA,NA,NA
"MNG",2000,155,48.6,23.7,63.5,0,1,NA
"MNG",2001,138,45.3,22.4,58.5,NA,NA,NA
"MNG",2002,124,42,21.2,53.7,NA,NA,NA
"MNG",2003,114,38.9,19.9,49.1,NA,NA,NA
"MNG",2004,106,35.9,18.7,44.9,NA,NA,NA
"MNG",2005,98,33.1,17.6,40.9,NA,NA,NA
"MNG",2006,91,30.5,16.5,37.4,NA,NA,NA
"MNG",2007,85,28.1,15,34.1,NA,NA,NA
"MNG",2008,80,25.9,13.6,31.2,NA,NA,NA
"MNG",2009,73,23.9,12.4,28.6,NA,NA,NA
"MNG",2010,66,22.1,11.4,26.3,NA,NA,NA
"MNG",2011,59,20.6,10.8,24.4,NA,NA,NA
"MNG",2012,54,19.4,10.3,22.8,NA,NA,NA
"MNG",2013,51,18.3,10,21.5,NA,NA,NA
"MNG",2014,49,17.4,9.8,20.4,NA,NA,NA
"MNG",2015,47,16.6,9.6,19.4,NA,NA,NA
"MNG",2016,46,15.9,9.3,18.5,NA,NA,NA
"MNG",2017,45,15.1,9,17.6,NA,NA,NA
"MNG",2018,NA,14.4,8.7,16.8,NA,NA,NA
"MNG",2019,NA,13.8,8.3,16,NA,NA,NA
"MOZ",2000,798,112.4,46.6,170.4,NA,NA,NA
"MOZ",2001,745,106.1,44.5,161,0,1,NA
"MOZ",2002,700,100.3,42.6,152.6,NA,NA,NA
"MOZ",2003,657,95.3,40.9,145,0,1,NA
"MOZ",2004,615,90.8,39.4,138.2,NA,NA,NA
"MOZ",2005,577,86.9,38.2,132,0,1,0
"MOZ",2006,539,83.2,37.1,126.2,1,0,0
"MOZ",2007,505,78,36.1,118.8,0,1,NA
"MOZ",2008,471,75.6,35.3,112.9,0,1,NA
"MOZ",2009,439,72.7,34.6,107.3,NA,NA,NA
"MOZ",2010,412,72.5,34,104.9,0,1,NA
"MOZ",2011,389,68.8,33.4,100.5,NA,NA,0
"MOZ",2012,371,66.4,32.8,96.3,NA,NA,NA
"MOZ",2013,356,64.7,32.3,92.3,NA,NA,0
"MOZ",2014,339,63,31.8,88.4,NA,NA,0
"MOZ",2015,318,61.3,31.3,84,NA,NA,0
"MOZ",2016,301,59.4,30.7,80.4,0,1,0
"MOZ",2017,289,57.5,30.1,78,NA,NA,0
"MOZ",2018,NA,56,29.5,75.6,NA,NA,0
"MOZ",2019,NA,54.3,28.9,72.9,NA,NA,0
"MRT",2000,834,69.1,42.5,112.5,NA,NA,NA
"MRT",2001,835,68.9,42.1,112.1,0,1,NA
"MRT",2002,836,68.6,41.8,111.5,NA,NA,NA
"MRT",2003,836,68.3,41.5,110.8,NA,NA,NA
"MRT",2004,830,67.8,41.3,109.7,NA,NA,NA
"MRT",2005,826,67,40.9,108.1,NA,NA,NA
"MRT",2006,821,66.1,40.4,106.1,NA,NA,NA
"MRT",2007,820,65,39.9,103.7,NA,NA,NA
"MRT",2008,819,63.8,39.3,101.1,NA,NA,0
"MRT",2009,822,62.5,38.6,98.4,NA,NA,0
"MRT",2010,824,61.2,37.9,95.6,0,1,0
"MRT",2011,822,60,37.2,93,0,1,0
"MRT",2012,812,58.8,36.5,90.5,NA,NA,0
"MRT",2013,805,57.5,35.8,87.7,NA,NA,0
"MRT",2014,796,56.2,35.2,85.1,NA,NA,NA
"MRT",2015,785,55,34.6,82.7,NA,NA,NA
"MRT",2016,777,53.8,33.8,80.1,NA,NA,NA
"MRT",2017,766,52.6,33.1,77.7,0,1,NA
"MRT",2018,NA,51.5,32.4,75.5,0,1,NA
"MRT",2019,NA,50.2,31.8,73,NA,NA,NA
"MUS",2000,59,16.6,12.4,18.8,NA,NA,NA
"MUS",2001,54,15.3,11.3,17.5,NA,NA,NA
"MUS",2002,54,14.4,10.6,16.6,NA,NA,NA
"MUS",2003,57,13.8,10.2,16,NA,NA,NA
"MUS",2004,54,13.5,10.1,15.8,NA,NA,NA
"MUS",2005,53,13.4,10.2,15.6,NA,NA,NA
"MUS",2006,55,13.2,10.2,15.5,NA,NA,NA
"MUS",2007,56,13,10,15.2,NA,NA,NA
"MUS",2008,53,12.7,9.7,14.9,NA,NA,NA
"MUS",2009,59,12.5,9.4,14.6,NA,NA,NA
"MUS",2010,66,12.5,9.3,14.5,NA,NA,NA
"MUS",2011,54,12.6,9.3,14.6,NA,NA,NA
"MUS",2012,63,13,9.5,14.9,NA,NA,NA
"MUS",2013,60,13.1,9.5,15,NA,NA,NA
"MUS",2014,70,12.9,9.3,14.8,NA,NA,NA
"MUS",2015,73,12.8,9.1,14.5,NA,NA,NA
"MUS",2016,67,12.8,9.1,14.5,NA,NA,NA
"MUS",2017,61,13.2,9.3,14.9,NA,NA,NA
"MUS",2018,NA,13.7,9.7,15.4,NA,NA,NA
"MUS",2019,NA,14.3,10.1,16,NA,NA,NA
"MWI",2000,749,100.5,39.1,174.6,NA,NA,NA
"MWI",2001,735,92.9,37,160.5,NA,NA,NA
"MWI",2002,714,84.6,34.8,145.5,0,1,NA
"MWI",2003,687,76.8,32.7,131.6,NA,NA,NA
"MWI",2004,654,70.1,31,119.7,NA,NA,NA
"MWI",2005,610,65,29.8,110.5,0,1,NA
"MWI",2006,566,61.6,29.2,104.2,NA,NA,NA
"MWI",2007,526,59.6,28.9,99.9,0,1,NA
"MWI",2008,493,56.5,28.8,94.5,NA,NA,NA
"MWI",2009,466,54.5,28.5,89.4,1,0,NA
"MWI",2010,444,52.4,27.9,84.2,NA,NA,NA
"MWI",2011,428,48.8,27.1,77.6,NA,NA,NA
"MWI",2012,413,45.6,26,70.7,0,1,NA
"MWI",2013,396,42.2,24.8,63.4,NA,NA,NA
"MWI",2014,381,39.2,23.7,57.6,NA,NA,NA
"MWI",2015,370,36.7,22.7,53.3,0,1,NA
"MWI",2016,358,34.6,21.8,49.5,NA,NA,NA
"MWI",2017,349,32.8,21,46.2,NA,NA,NA
"MWI",2018,NA,31.4,20.3,43.1,NA,NA,NA
"MWI",2019,NA,30.1,19.7,40.6,NA,NA,NA
"MYS",2000,38,8.7,4.8,10.2,NA,NA,NA
"MYS",2001,36,8.1,4.5,9.4,NA,NA,NA
"MYS",2002,34,7.6,4.3,8.9,NA,NA,NA
"MYS",2003,33,7.3,4.1,8.5,NA,NA,NA
"MYS",2004,32,7.1,4,8.3,1,0,NA
"MYS",2005,31,7,4,8.2,NA,NA,NA
"MYS",2006,30,7,4,8.1,NA,NA,NA
"MYS",2007,30,6.9,4,8.1,NA,NA,NA
"MYS",2008,29,6.9,4.1,8.1,NA,NA,NA
"MYS",2009,29,6.9,4.1,8.1,NA,NA,NA
"MYS",2010,30,6.9,4.2,8.1,NA,NA,NA
"MYS",2011,30,6.8,4.1,8,NA,NA,NA
"MYS",2012,30,6.8,4.1,8,NA,NA,NA
"MYS",2013,30,6.8,4.1,8,NA,NA,NA
"MYS",2014,30,6.8,4.1,8,0,1,1
"MYS",2015,30,6.9,4.2,8.1,1,0,NA
"MYS",2016,29,7,4.3,8.1,NA,NA,NA
"MYS",2017,29,7.1,4.4,8.3,NA,NA,NA
"MYS",2018,NA,7.2,4.5,8.4,NA,NA,0
"MYS",2019,NA,7.3,4.6,8.6,NA,NA,NA
"NAM",2000,348,45,23.4,75.8,NA,NA,0
"NAM",2001,352,44.2,22.6,75.3,0,1,1
"NAM",2002,356,43.6,21.8,74.7,0,1,NA
"NAM",2003,359,43.3,21,74.4,NA,NA,0
"NAM",2004,358,42.7,20.5,74.4,NA,NA,NA
"NAM",2005,346,39.4,20,70.6,NA,NA,NA
"NAM",2006,328,37.3,19.8,65.4,NA,NA,NA
"NAM",2007,306,37.6,19.9,60.8,NA,NA,NA
"NAM",2008,284,37.5,20.2,55.1,NA,NA,NA
"NAM",2009,276,38.5,20.7,51.6,NA,NA,NA
"NAM",2010,266,36.8,21,49.1,NA,NA,NA
"NAM",2011,256,36.9,21.3,48.9,NA,NA,NA
"NAM",2012,240,37.9,21.6,50.5,NA,NA,NA
"NAM",2013,231,35.8,21.7,49.1,0,1,NA
"NAM",2014,223,34,21.8,47.9,NA,NA,NA
"NAM",2015,217,33.3,21.7,47.6,0,1,NA
"NAM",2016,207,32.8,21.5,46.3,NA,NA,NA
"NAM",2017,195,32.2,21.2,44.9,NA,NA,NA
"NAM",2018,NA,31.7,20.8,43.9,0,1,NA
"NAM",2019,NA,30.9,20.5,41.9,NA,NA,NA
"NER",2000,813,97,43,224.9,NA,NA,NA
"NER",2001,803,93.7,41.6,215.2,0,1,NA
"NER",2002,795,90.1,40.2,204.5,NA,NA,NA
"NER",2003,782,86.2,38.9,193.1,NA,NA,NA
"NER",2004,770,82.3,37.7,181.5,NA,NA,NA
"NER",2005,755,78.5,36.5,170.2,0,1,0
"NER",2006,739,74.8,35.3,159.3,NA,NA,NA
"NER",2007,725,71.3,34.1,149,NA,NA,NA
"NER",2008,709,67.9,32.9,139.3,NA,NA,0
"NER",2009,688,64.8,31.8,130.3,0,1,0
"NER",2010,663,61.9,30.7,121.9,NA,NA,NA
"NER",2011,639,59.3,29.7,114.5,0,1,NA
"NER",2012,616,57,28.8,108.2,NA,NA,NA
"NER",2013,594,55,28,102.7,NA,NA,0
"NER",2014,573,53.4,27.4,98,NA,NA,0
"NER",2015,555,51.8,26.8,93.8,0,1,0
"NER",2016,530,50.4,26.2,90.1,NA,NA,1
"NER",2017,509,49.1,25.7,86.6,0,1,1
"NER",2018,NA,47.9,25.1,83.5,NA,NA,1
"NER",2019,NA,46.7,24.6,80.3,NA,NA,1
"NGA",2000,1200,109.8,46.4,182.9,NA,NA,1
"NGA",2001,1200,106.8,45.3,177.3,NA,NA,1
"NGA",2002,1180,103.8,44.1,171.5,NA,NA,1
"NGA",2003,1170,100.8,43,165.9,NA,NA,1
"NGA",2004,1130,97.8,41.9,160.3,NA,NA,1
"NGA",2005,1080,95,40.9,155,NA,NA,1
"NGA",2006,1040,92.3,40.1,150.1,NA,NA,1
"NGA",2007,1010,89.8,39.5,145.6,NA,NA,1
"NGA",2008,996,87.7,39,141.7,NA,NA,1
"NGA",2009,987,85.9,38.5,138.3,NA,NA,1
"NGA",2010,978,84.3,38.1,135.5,NA,NA,1
"NGA",2011,972,83,37.8,133.1,NA,NA,1
"NGA",2012,963,81.9,37.6,131.1,NA,NA,1
"NGA",2013,951,81,37.5,129.4,NA,NA,1
"NGA",2014,943,80.1,37.3,127.9,NA,NA,1
"NGA",2015,931,79.3,37.2,126.4,NA,NA,1
"NGA",2016,925,78.3,37,124.7,NA,NA,1
"NGA",2017,917,77.1,36.7,122.5,NA,NA,1
"NGA",2018,NA,75.7,36.3,119.9,NA,NA,1
"NGA",2019,NA,74,35.9,116.9,NA,NA,1
"NIC",2000,162,31.4,16.8,38.5,1,1,NA
"NIC",2001,157,29.9,16.4,36.5,0,1,NA
"NIC",2002,151,28.5,15.7,34.6,NA,NA,NA
"NIC",2003,145,27.2,15.2,32.9,NA,NA,NA
"NIC",2004,138,26,14.7,31.3,NA,NA,NA
"NIC",2005,131,24.9,14.4,29.9,NA,NA,NA
"NIC",2006,124,23.9,14.2,28.5,NA,NA,NA
"NIC",2007,121,22.9,14,27.3,NA,NA,NA
"NIC",2008,116,22,13.8,26.1,NA,NA,NA
"NIC",2009,113,21.1,13.6,24.9,NA,NA,NA
"NIC",2010,112,20.3,13.4,23.9,NA,NA,NA
"NIC",2011,110,19.5,13.3,22.9,NA,NA,NA
"NIC",2012,108,18.7,13.1,22,NA,NA,NA
"NIC",2013,105,18,12.8,21.1,NA,NA,NA
"NIC",2014,103,17.3,12.4,20.2,1,1,NA
"NIC",2015,101,16.6,11.9,19.4,NA,NA,NA
"NIC",2016,100,16,11.4,18.6,NA,NA,NA
"NIC",2017,98,15.4,10.8,17.9,NA,NA,NA
"NIC",2018,NA,14.8,10.3,17.3,0,1,NA
"NIC",2019,NA,14.3,9.8,16.6,NA,NA,NA
"NLD",2000,13,5.1,3.8,6.2,NA,NA,NA
"NLD",2001,13,5,3.8,6.1,NA,NA,NA
"NLD",2002,13,4.9,3.7,5.9,NA,NA,NA
"NLD",2003,12,4.8,3.6,5.7,NA,NA,NA
"NLD",2004,11,4.6,3.6,5.5,NA,NA,NA
"NLD",2005,11,4.4,3.4,5.3,NA,NA,NA
"NLD",2006,9,4.3,3.3,5.1,NA,NA,NA
"NLD",2007,9,4.1,3.2,4.9,NA,NA,NA
"NLD",2008,8,4,3,4.7,NA,NA,NA
"NLD",2009,8,3.8,2.9,4.6,NA,NA,NA
"NLD",2010,7,3.7,2.8,4.4,NA,NA,NA
"NLD",2011,7,3.6,2.7,4.3,NA,NA,NA
"NLD",2012,7,3.6,2.7,4.2,NA,NA,NA
"NLD",2013,6,3.5,2.7,4.1,NA,NA,NA
"NLD",2014,6,3.5,2.6,4.1,NA,NA,NA
"NLD",2015,6,3.4,2.6,4,NA,NA,NA
"NLD",2016,6,3.4,2.6,4,NA,NA,0
"NLD",2017,5,3.5,2.6,4,NA,NA,NA
"NLD",2018,NA,3.5,2.6,4.1,NA,NA,NA
"NLD",2019,NA,3.5,2.7,4.1,NA,NA,NA
"NOR",2000,6,3.9,2.7,4.9,NA,NA,NA
"NOR",2001,5,3.8,2.6,4.7,NA,NA,NA
"NOR",2002,5,3.7,2.5,4.6,NA,NA,NA
"NOR",2003,5,3.6,2.4,4.4,NA,NA,NA
"NOR",2004,5,3.4,2.3,4.2,NA,NA,NA
"NOR",2005,5,3.3,2.3,4.1,NA,NA,NA
"NOR",2006,4,3.2,2.2,3.9,NA,NA,NA
"NOR",2007,4,3,2.1,3.7,NA,NA,NA
"NOR",2008,4,2.9,2,3.6,NA,NA,NA
"NOR",2009,4,2.8,1.9,3.4,NA,NA,NA
"NOR",2010,4,2.7,1.9,3.3,NA,NA,NA
"NOR",2011,4,2.5,1.8,3.1,NA,NA,NA
"NOR",2012,3,2.5,1.8,3,NA,NA,NA
"NOR",2013,3,2.4,1.7,2.9,NA,NA,NA
"NOR",2014,3,2.3,1.7,2.8,NA,NA,NA
"NOR",2015,3,2.2,1.6,2.7,NA,NA,NA
"NOR",2016,3,2.1,1.6,2.6,NA,NA,NA
"NOR",2017,2,2.1,1.5,2.5,NA,NA,NA
"NOR",2018,NA,2,1.4,2.4,NA,NA,NA
"NOR",2019,NA,1.9,1.4,2.3,NA,NA,NA
"NPL",2000,553,58.7,39.3,79.1,NA,NA,0
"NPL",2001,521,55.8,37.8,74.6,NA,NA,0
"NPL",2002,520,53.1,36.3,70.4,NA,NA,1
"NPL",2003,470,50.6,34.9,66.4,NA,NA,1
"NPL",2004,447,48.2,33.5,62.7,NA,NA,1
"NPL",2005,415,45.9,32.2,59.4,NA,NA,1
"NPL",2006,386,43.8,31,56.3,0,1,1
"NPL",2007,361,41.9,29.8,53.4,NA,NA,1
"NPL",2008,342,40.1,28.7,50.8,NA,NA,1
"NPL",2009,323,38.3,27.6,48.3,0,1,0
"NPL",2010,305,36.6,26.5,45.9,NA,NA,0
"NPL",2011,285,35,25.4,43.6,1,0,NA
"NPL",2012,266,33.5,24.3,41.5,NA,NA,NA
"NPL",2013,248,32,23.3,39.4,NA,NA,NA
"NPL",2014,231,30.5,22.4,37.4,NA,NA,NA
"NPL",2015,236,29.2,21.3,35.5,1,0,NA
"NPL",2016,200,27.8,20.2,33.7,NA,NA,NA
"NPL",2017,186,26.6,19.2,32.1,NA,NA,NA
"NPL",2018,NA,25.5,18.3,30.6,NA,NA,NA
"NPL",2019,NA,24.5,17.5,29.3,NA,NA,NA
"NZL",2000,12,6.1,3.5,7.4,NA,NA,NA
"NZL",2001,11,5.9,3.5,7.2,NA,NA,NA
"NZL",2002,12,5.8,3.5,7,NA,NA,NA
"NZL",2003,12,5.7,3.4,6.9,NA,NA,NA
"NZL",2004,11,5.6,3.3,6.7,NA,NA,NA
"NZL",2005,11,5.5,3.1,6.6,NA,NA,NA
"NZL",2006,11,5.4,3,6.5,NA,NA,NA
"NZL",2007,11,5.3,2.9,6.4,NA,NA,NA
"NZL",2008,10,5.2,3,6.3,NA,NA,NA
"NZL",2009,11,5.2,3.1,6.2,NA,NA,NA
"NZL",2010,11,5.1,3.2,6.1,1,0,NA
"NZL",2011,10,5,3.3,6,1,0,NA
"NZL",2012,10,4.9,3.4,5.9,NA,NA,NA
"NZL",2013,9,4.8,3.3,5.8,1,1,NA
"NZL",2014,10,4.7,3.3,5.7,NA,NA,NA
"NZL",2015,10,4.6,3.2,5.5,NA,NA,NA
"NZL",2016,10,4.4,3.1,5.4,1,0,NA
"NZL",2017,9,4.3,2.9,5.2,NA,NA,NA
"NZL",2018,NA,4.2,2.8,5,NA,NA,NA
"NZL",2019,NA,4.1,2.7,4.9,NA,NA,NA
"OMN",2000,20,14.2,7.3,16.5,NA,NA,NA
"OMN",2001,20,13.3,6.9,15.4,NA,NA,NA
"OMN",2002,20,12.5,6.5,14.5,NA,NA,NA
"OMN",2003,20,11.9,6.2,13.8,NA,NA,NA
"OMN",2004,19,11.4,5.9,13.2,NA,NA,NA
"OMN",2005,19,11,5.7,12.8,NA,NA,NA
"OMN",2006,18,10.7,5.6,12.5,NA,NA,NA
"OMN",2007,18,10.5,5.4,12.2,NA,NA,NA
"OMN",2008,18,10.3,5.3,12,NA,NA,NA
"OMN",2009,18,10.2,5.3,11.8,NA,NA,NA
"OMN",2010,18,10.1,5.2,11.7,NA,NA,NA
"OMN",2011,18,10,5.2,11.6,NA,NA,NA
"OMN",2012,18,9.8,5.1,11.4,NA,NA,NA
"OMN",2013,18,9.7,5,11.3,NA,NA,NA
"OMN",2014,18,9.7,5,11.2,NA,NA,NA
"OMN",2015,19,9.6,5,11.2,NA,NA,NA
"OMN",2016,19,9.6,5,11.2,NA,NA,NA
"OMN",2017,19,9.6,5,11.2,NA,NA,NA
"OMN",2018,NA,9.6,5,11.1,NA,NA,NA
"OMN",2019,NA,9.5,4.9,11.1,NA,NA,NA
"PAK",2000,286,84.6,56.8,107.8,NA,NA,0
"PAK",2001,275,82.6,55.8,105,1,0,0
"PAK",2002,264,80.9,54.9,102.4,1,0,0
"PAK",2003,254,79.3,54,100.2,NA,NA,0
"PAK",2004,243,77.9,53.3,98.1,1,0,1
"PAK",2005,237,76.6,52.6,96.3,1,0,1
"PAK",2006,222,75.4,52,94.5,NA,NA,1
"PAK",2007,214,74.1,51.4,92.7,NA,NA,1
"PAK",2008,205,72.8,50.9,90.9,1,0,1
"PAK",2009,199,71.5,50.4,89.1,NA,NA,1
"PAK",2010,191,70.1,49.8,87.1,NA,NA,1
"PAK",2011,180,68.6,49,85,1,0,1
"PAK",2012,173,67,48.1,82.8,NA,NA,1
"PAK",2013,166,65.4,47.1,80.6,1,0,1
"PAK",2014,161,63.8,46.2,78.3,NA,NA,1
"PAK",2015,154,62.1,45.2,76,1,0,1
"PAK",2016,143,60.5,44.3,73.8,1,0,1
"PAK",2017,140,58.9,43.3,71.6,NA,NA,1
"PAK",2018,NA,57.3,42.3,69.5,NA,NA,1
"PAK",2019,NA,55.7,41.4,67.3,1,1,1
"PAN",2000,91,21.9,14.7,26,NA,NA,NA
"PAN",2001,86,21.4,14.3,25.4,NA,NA,NA
"PAN",2002,91,20.9,14,24.8,NA,NA,NA
"PAN",2003,93,20.5,13.6,24.1,1,0,NA
"PAN",2004,88,20,13.2,23.5,NA,NA,NA
"PAN",2005,88,19.5,12.9,22.9,NA,NA,NA
"PAN",2006,88,19,12.5,22.3,NA,NA,NA
"PAN",2007,86,18.5,12.2,21.7,NA,NA,NA
"PAN",2008,84,18,11.9,21.1,NA,NA,NA
"PAN",2009,82,17.5,11.5,20.5,NA,NA,NA
"PAN",2010,79,17,11.1,19.9,NA,NA,NA
"PAN",2011,76,16.5,10.8,19.3,NA,NA,NA
"PAN",2012,74,16,10.4,18.7,NA,NA,NA
"PAN",2013,66,15.5,10.1,18.1,0,1,NA
"PAN",2014,60,15.1,9.8,17.6,NA,NA,NA
"PAN",2015,58,14.6,9.5,17,0,1,NA
"PAN",2016,55,14.1,9.2,16.4,NA,NA,NA
"PAN",2017,52,13.7,8.9,15.9,NA,NA,NA
"PAN",2018,NA,13.2,8.6,15.4,0,1,NA
"PAN",2019,NA,12.8,8.3,14.8,NA,NA,NA
"PER",2000,144,29.3,16.1,38.2,NA,NA,0
"PER",2001,138,27.2,15.2,35.3,1,0,0
"PER",2002,132,25.2,14.3,32.7,0,1,0
"PER",2003,127,23.5,13.5,30.4,NA,NA,0
"PER",2004,122,22,12.8,28.3,0,1,0
"PER",2005,118,20.6,12.2,26.5,1,0,0
"PER",2006,114,19.3,11.7,24.9,0,1,0
"PER",2007,112,18.2,11.1,23.4,1,0,0
"PER",2008,108,17.1,10.6,22,NA,NA,0
"PER",2009,106,16.2,10.1,20.8,NA,NA,0
"PER",2010,104,15.3,9.7,19.8,NA,NA,0
"PER",2011,102,14.6,9.4,18.8,1,0,0
"PER",2012,100,13.9,9,17.9,1,0,0
"PER",2013,98,13.3,8.7,17.1,1,0,NA
"PER",2014,96,12.7,8.4,16.4,1,0,0
"PER",2015,94,12.2,8,15.7,NA,NA,0
"PER",2016,91,11.7,7.8,15,1,0,0
"PER",2017,88,11.2,7.5,14.4,NA,NA,0
"PER",2018,NA,10.7,7.2,13.8,1,0,0
"PER",2019,NA,10.3,7,13.3,1,0,NA
"PHL",2000,160,28.7,16.5,37.7,NA,NA,1
"PHL",2001,163,28.2,16.5,36.9,NA,NA,1
"PHL",2002,160,27.8,16.3,36.2,1,1,1
"PHL",2003,156,27.3,16.2,35.5,NA,NA,1
"PHL",2004,156,26.9,16,34.9,NA,NA,1
"PHL",2005,156,26.4,15.8,34.2,NA,NA,1
"PHL",2006,156,26,15.6,33.6,NA,NA,0
"PHL",2007,149,25.7,15.4,33,0,1,1
"PHL",2008,148,25.3,15.2,32.5,NA,NA,1
"PHL",2009,149,25,15,32.1,1,0,0
"PHL",2010,144,24.8,14.9,31.7,NA,NA,1
"PHL",2011,141,24.5,14.7,31.3,1,0,1
"PHL",2012,139,24.2,14.6,30.9,1,0,1
"PHL",2013,136,23.9,14.4,30.5,1,0,0
"PHL",2014,131,23.7,14.3,30.1,NA,NA,1
"PHL",2015,127,23.4,14.1,29.6,0,1,1
"PHL",2016,124,23,13.9,29.1,1,0,1
"PHL",2017,121,22.6,13.6,28.5,1,0,1
"PHL",2018,NA,22.1,13.3,27.9,NA,NA,1
"PHL",2019,NA,21.5,12.9,27.1,1,1,1
"PNG",2000,249,53.6,30.2,71.1,1,0,1
"PNG",2001,242,52.8,29.6,69.9,1,0,0
"PNG",2002,234,52.1,29.1,68.8,1,0,1
"PNG",2003,225,51.3,28.7,67.5,NA,NA,0
"PNG",2004,213,50.4,28.2,66.2,NA,NA,NA
"PNG",2005,200,49.6,27.9,64.9,1,0,NA
"PNG",2006,187,48.7,27.6,63.5,NA,NA,NA
"PNG",2007,179,47.8,27.3,62.1,NA,NA,NA
"PNG",2008,173,46.8,27,60.8,NA,NA,NA
"PNG",2009,170,45.9,26.6,59.3,NA,NA,NA
"PNG",2010,168,44.9,26.1,57.9,NA,NA,NA
"PNG",2011,166,44,25.6,56.5,NA,NA,NA
"PNG",2012,164,43,25.1,55.2,NA,NA,NA
"PNG",2013,160,42.1,24.7,53.8,NA,NA,1
"PNG",2014,155,41.2,24.3,52.4,NA,NA,NA
"PNG",2015,151,40.2,23.8,51,0,1,NA
"PNG",2016,148,39.3,23.4,49.7,NA,NA,NA
"PNG",2017,145,38.2,22.9,48.2,NA,NA,NA
"PNG",2018,NA,37.2,22.5,46.8,1,0,NA
"PNG",2019,NA,36.2,22,45.3,1,0,NA
"POL",2000,7,8.1,5.8,9.3,NA,NA,NA
"POL",2001,6,7.6,5.4,8.8,NA,NA,NA
"POL",2002,5,7.3,5.2,8.4,NA,NA,NA
"POL",2003,5,7,5,8.1,NA,NA,NA
"POL",2004,5,6.8,4.8,7.8,NA,NA,NA
"POL",2005,4,6.5,4.6,7.6,NA,NA,NA
"POL",2006,4,6.3,4.4,7.3,NA,NA,NA
"POL",2007,4,6.1,4.2,7,NA,NA,NA
"POL",2008,4,5.8,4,6.7,NA,NA,NA
"POL",2009,3,5.5,3.8,6.3,NA,NA,NA
"POL",2010,3,5.1,3.6,6,NA,NA,NA
"POL",2011,3,4.9,3.4,5.7,NA,NA,NA
"POL",2012,3,4.7,3.2,5.4,NA,NA,NA
"POL",2013,3,4.5,3.1,5.2,NA,NA,NA
"POL",2014,2,4.3,3,5,NA,NA,NA
"POL",2015,2,4.2,2.9,4.9,NA,NA,NA
"POL",2016,2,4.1,2.9,4.7,NA,NA,NA
"POL",2017,2,4,2.8,4.6,NA,NA,NA
"POL",2018,NA,3.9,2.8,4.5,0,1,NA
"POL",2019,NA,3.8,2.7,4.4,NA,NA,NA
"PRI",2000,26,NA,NA,NA,NA,NA,NA
"PRI",2001,26,NA,NA,NA,NA,NA,NA
"PRI",2002,24,NA,NA,NA,NA,NA,NA
"PRI",2003,23,NA,NA,NA,NA,NA,NA
"PRI",2004,25,NA,NA,NA,NA,NA,NA
"PRI",2005,23,NA,NA,NA,NA,NA,NA
"PRI",2006,23,NA,NA,NA,NA,NA,NA
"PRI",2007,23,NA,NA,NA,NA,NA,NA
"PRI",2008,23,NA,NA,NA,NA,NA,NA
"PRI",2009,23,NA,NA,NA,NA,NA,NA
"PRI",2010,21,NA,NA,NA,NA,NA,NA
"PRI",2011,22,NA,NA,NA,NA,NA,NA
"PRI",2012,19,NA,NA,NA,NA,NA,NA
"PRI",2013,20,NA,NA,NA,NA,NA,NA
"PRI",2014,21,NA,NA,NA,NA,NA,NA
"PRI",2015,20,NA,NA,NA,NA,NA,NA
"PRI",2016,20,NA,NA,NA,NA,NA,NA
"PRI",2017,21,NA,NA,NA,NA,NA,NA
"PRI",2018,NA,NA,NA,NA,NA,NA,NA
"PRI",2019,NA,NA,NA,NA,NA,NA,NA
"PRK",2000,139,44.5,27.3,60,NA,NA,NA
"PRK",2001,128,39.1,24.9,52.1,NA,NA,NA
"PRK",2002,122,34.2,22.5,44.7,NA,NA,NA
"PRK",2003,121,30.4,20.5,38.9,NA,NA,NA
"PRK",2004,120,27.8,18.8,35,NA,NA,NA
"PRK",2005,120,26.4,17.7,33,NA,NA,NA
"PRK",2006,120,26,17.4,32.4,NA,NA,NA
"PRK",2007,119,25.7,17.4,32.2,NA,NA,NA
"PRK",2008,118,25.2,17.1,31.8,NA,NA,NA
"PRK",2009,113,24.4,16.7,31,NA,NA,NA
"PRK",2010,106,23.1,15.9,29.5,NA,NA,NA
"PRK",2011,100,21.5,14.9,27.7,NA,NA,NA
"PRK",2012,96,19.8,13.9,25.7,0,1,NA
"PRK",2013,94,18.3,12.9,24,NA,NA,NA
"PRK",2014,93,17,12.1,22.4,NA,NA,NA
"PRK",2015,91,16,11.4,21.1,0,1,NA
"PRK",2016,90,15.1,10.8,20,NA,NA,NA
"PRK",2017,89,14.4,10.3,19,0,1,NA
"PRK",2018,NA,13.7,9.8,18.2,NA,NA,NA
"PRK",2019,NA,13.1,9.3,17.3,0,1,NA
"PRT",2000,10,5.5,3.4,7.2,NA,NA,NA
"PRT",2001,10,5.1,3.2,6.6,NA,NA,NA
"PRT",2002,10,4.7,3,6.1,NA,NA,NA
"PRT",2003,10,4.3,2.8,5.5,NA,NA,NA
"PRT",2004,10,3.9,2.6,5,0,1,NA
"PRT",2005,9,3.6,2.4,4.6,NA,NA,NA
"PRT",2006,9,3.4,2.2,4.4,NA,NA,NA
"PRT",2007,9,3.3,2.1,4.2,NA,NA,NA
"PRT",2008,9,3.2,2.1,4,NA,NA,NA
"PRT",2009,9,3.1,2.1,3.9,NA,NA,NA
"PRT",2010,9,3.1,2.1,3.8,NA,NA,NA
"PRT",2011,9,3,2.1,3.7,NA,NA,NA
"PRT",2012,9,3,2.1,3.7,NA,NA,NA
"PRT",2013,8,3,2.1,3.7,NA,NA,NA
"PRT",2014,8,3,2.1,3.6,NA,NA,NA
"PRT",2015,9,3,2.1,3.6,NA,NA,NA
"PRT",2016,9,3,2.1,3.6,NA,NA,NA
"PRT",2017,8,3,2,3.6,NA,NA,NA
"PRT",2018,NA,2.9,2,3.6,NA,NA,NA
"PRT",2019,NA,2.8,1.9,3.4,NA,NA,NA
"PRY",2000,194,27.9,18.1,33.9,NA,NA,NA
"PRY",2001,191,27.4,17.7,33.1,NA,NA,NA
"PRY",2002,188,26.8,17.3,32.3,NA,NA,NA
"PRY",2003,185,26.2,16.9,31.6,NA,NA,NA
"PRY",2004,180,25.6,16.5,30.8,NA,NA,NA
"PRY",2005,174,25,16.1,30,0,1,NA
"PRY",2006,168,24.5,15.7,29.3,NA,NA,NA
"PRY",2007,163,23.9,15.2,28.5,NA,NA,NA
"PRY",2008,158,23.2,14.8,27.7,0,1,NA
"PRY",2009,153,22.6,14.4,26.9,0,1,NA
"PRY",2010,148,22,14,26.2,NA,NA,NA
"PRY",2011,145,21.4,13.5,25.4,NA,NA,NA
"PRY",2012,141,20.8,13.1,24.6,0,1,NA
"PRY",2013,138,20.2,12.7,23.8,0,1,NA
"PRY",2014,135,19.6,12.3,23,NA,NA,NA
"PRY",2015,132,19,11.9,22.3,NA,NA,NA
"PRY",2016,130,18.4,11.6,21.6,0,1,NA
"PRY",2017,129,17.8,11.2,20.9,NA,NA,NA
"PRY",2018,NA,17.2,10.8,20.2,NA,NA,NA
"PRY",2019,NA,16.7,10.4,19.5,NA,NA,NA
"QAT",2000,14,10.7,6.6,12.5,NA,NA,NA
"QAT",2001,14,10.3,6.3,12,NA,NA,NA
"QAT",2002,13,10,6.1,11.6,NA,NA,NA
"QAT",2003,13,9.6,5.9,11.2,NA,NA,NA
"QAT",2004,13,9.3,5.8,10.8,NA,NA,NA
"QAT",2005,12,8.9,5.6,10.4,NA,NA,0
"QAT",2006,11,8.7,5.3,10.1,NA,NA,NA
"QAT",2007,11,8.4,5.1,9.8,NA,NA,NA
"QAT",2008,11,8.2,4.9,9.6,NA,NA,NA
"QAT",2009,10,8,4.7,9.4,NA,NA,NA
"QAT",2010,10,7.8,4.5,9.1,NA,NA,NA
"QAT",2011,10,7.6,4.4,8.9,NA,NA,NA
"QAT",2012,10,7.4,4.2,8.7,NA,NA,NA
"QAT",2013,10,7.2,4.1,8.4,NA,NA,NA
"QAT",2014,10,7,4,8.1,NA,NA,NA
"QAT",2015,9,6.7,3.9,7.8,NA,NA,NA
"QAT",2016,9,6.3,3.9,7.4,NA,NA,NA
"QAT",2017,9,6,3.8,7,NA,NA,NA
"QAT",2018,NA,5.6,3.8,6.6,NA,NA,NA
"QAT",2019,NA,5.3,3.7,6.1,NA,NA,NA
"ROU",2000,54,18.1,10.5,21.6,0,1,NA
"ROU",2001,49,17.3,9.9,20.5,NA,NA,NA
"ROU",2002,47,17,9.6,20.1,NA,NA,NA
"ROU",2003,43,17,9.4,20,NA,NA,NA
"ROU",2004,39,16.5,9.1,19.4,NA,NA,NA
"ROU",2005,35,15.5,8.5,18.1,NA,NA,NA
"ROU",2006,32,14.2,7.7,16.6,NA,NA,NA
"ROU",2007,30,13,6.9,15.2,NA,NA,NA
"ROU",2008,28,11.9,6.3,14,NA,NA,NA
"ROU",2009,28,11.1,5.8,13.1,NA,NA,NA
"ROU",2010,27,10.5,5.4,12.4,NA,NA,NA
"ROU",2011,24,10,5.2,11.8,NA,NA,NA
"ROU",2012,23,9.5,5.1,11.2,NA,NA,NA
"ROU",2013,21,8.9,5,10.6,NA,NA,NA
"ROU",2014,21,8.3,4.7,9.9,NA,NA,NA
"ROU",2015,21,7.7,4.3,9.2,NA,NA,NA
"ROU",2016,21,7,3.9,8.5,NA,NA,NA
"ROU",2017,19,6.5,3.6,7.9,NA,NA,NA
"ROU",2018,NA,6.1,3.4,7.4,NA,NA,NA
"ROU",2019,NA,5.8,3.4,7.1,NA,NA,NA
"RUS",2000,56,15.5,9,19.3,1,0,1
"RUS",2001,53,14.7,8.6,18.3,NA,NA,1
"RUS",2002,51,13.8,8,17.2,NA,NA,1
"RUS",2003,49,12.9,7.3,16.1,1,1,1
"RUS",2004,45,12,6.8,14.9,1,0,1
"RUS",2005,42,11.1,6.4,13.8,NA,NA,1
"RUS",2006,36,10.3,6,12.8,1,0,1
"RUS",2007,32,9.6,5.4,11.9,1,0,0
"RUS",2008,30,9,4.9,11.2,1,0,0
"RUS",2009,27,8.6,4.6,10.7,NA,NA,1
"RUS",2010,25,8.3,4.6,10.4,0,1,1
"RUS",2011,23,8.1,4.7,10.1,NA,NA,1
"RUS",2012,22,7.9,4.7,9.8,0,1,1
"RUS",2013,20,7.6,4.6,9.4,NA,NA,1
"RUS",2014,19,7.2,4.4,8.9,NA,NA,0
"RUS",2015,18,6.6,4,8.2,NA,NA,0
"RUS",2016,18,6.1,3.5,7.5,NA,NA,0
"RUS",2017,17,5.5,3.2,6.9,NA,NA,0
"RUS",2018,NA,5.1,2.9,6.3,NA,NA,0
"RUS",2019,NA,4.7,2.6,5.8,NA,NA,0
"RWA",2000,1160,109.5,43.2,185.2,NA,NA,1
"RWA",2001,1100,100,40.2,167.4,NA,NA,NA
"RWA",2002,961,90.3,37.3,149.6,1,0,1
"RWA",2003,870,81.4,34.6,133.5,0,1,NA
"RWA",2004,758,72.8,32.1,118.6,NA,NA,NA
"RWA",2005,643,65.5,30,105.4,NA,NA,0
"RWA",2006,541,59.3,28.1,93.9,NA,NA,NA
"RWA",2007,469,54.4,26.5,84.4,NA,NA,NA
"RWA",2008,427,50.2,25.1,76.3,1,0,NA
"RWA",2009,424,47,24,69.6,NA,NA,NA
"RWA",2010,373,44,23,63.8,NA,NA,0
"RWA",2011,349,40.6,22.1,58.6,NA,NA,NA
"RWA",2012,329,38.8,21.3,54.9,NA,NA,0
"RWA",2013,308,37.1,20.7,52,NA,NA,0
"RWA",2014,291,35.7,20.2,49.7,NA,NA,0
"RWA",2015,275,34.6,19.7,47.7,NA,NA,NA
"RWA",2016,260,33.7,19.3,46,NA,NA,NA
"RWA",2017,248,32.9,19,44.6,NA,NA,0
"RWA",2018,NA,32,18.6,43.4,NA,NA,0
"RWA",2019,NA,31.1,18.2,41.9,NA,NA,0
"SAU",2000,24,18.8,11.5,22,NA,NA,NA
"SAU",2001,24,17.7,10.8,20.7,NA,NA,NA
"SAU",2002,23,16.7,10.2,19.6,NA,NA,NA
"SAU",2003,23,15.8,9.6,18.5,NA,NA,NA
"SAU",2004,22,15,9,17.4,NA,NA,1
"SAU",2005,22,14.2,8.5,16.5,NA,NA,0
"SAU",2006,21,13.4,8.1,15.5,NA,NA,0
"SAU",2007,21,12.6,7.6,14.7,NA,NA,0
"SAU",2008,20,11.9,7.1,13.8,NA,NA,0
"SAU",2009,20,11.2,6.7,13,NA,NA,NA
"SAU",2010,19,10.5,6.3,12.3,NA,NA,NA
"SAU",2011,18,9.9,5.9,11.5,NA,NA,NA
"SAU",2012,18,9.3,5.6,10.8,NA,NA,NA
"SAU",2013,17,8.8,5.2,10.2,NA,NA,NA
"SAU",2014,17,8.3,4.9,9.6,NA,NA,NA
"SAU",2015,17,7.8,4.6,9.1,NA,NA,NA
"SAU",2016,17,7.3,4.3,8.6,NA,NA,0
"SAU",2017,17,6.9,4.1,8.1,NA,NA,1
"SAU",2018,NA,6.6,3.8,7.7,NA,NA,1
"SAU",2019,NA,6.3,3.6,7.3,NA,NA,0
"SDN",2000,667,66.9,37.1,104.3,NA,NA,1
"SDN",2001,645,65,36.4,100.9,NA,NA,1
"SDN",2002,614,63,35.8,97.4,NA,NA,1
"SDN",2003,598,61.2,35.2,94.2,NA,NA,1
"SDN",2004,580,59.4,34.5,91,NA,NA,1
"SDN",2005,529,57.8,33.9,88.1,NA,NA,1
"SDN",2006,508,56.2,33.4,85.3,NA,NA,1
"SDN",2007,479,54.7,33,82.7,NA,NA,1
"SDN",2008,454,53.3,32.5,80.2,NA,NA,1
"SDN",2009,433,52,32.2,77.9,NA,NA,1
"SDN",2010,408,50.7,31.8,75.7,NA,NA,1
"SDN",2011,390,49.6,31.4,73.7,0,1,1
"SDN",2012,368,48.5,31,71.7,NA,NA,1
"SDN",2013,349,47.4,30.5,69.8,NA,NA,1
"SDN",2014,333,46.3,30,67.9,NA,NA,1
"SDN",2015,320,45.2,29.5,65.9,0,1,1
"SDN",2016,308,44.1,29,63.9,NA,NA,1
"SDN",2017,295,43,28.5,62,NA,NA,1
"SDN",2018,NA,42,27.8,60.1,NA,NA,1
"SDN",2019,NA,41,27.3,58.4,NA,NA,1
"SEN",2000,553,67.7,38.2,129.5,NA,NA,0
"SEN",2001,545,65.2,37.2,122.9,NA,NA,0
"SEN",2002,537,62.3,36,115.1,0,1,0
"SEN",2003,532,59.2,34.7,107,NA,NA,0
"SEN",2004,526,56.1,33.4,99.1,NA,NA,0
"SEN",2005,519,53.2,32.1,91.8,NA,NA,0
"SEN",2006,514,50.6,30.8,85.2,NA,NA,1
"SEN",2007,504,48.2,29.6,79.4,NA,NA,1
"SEN",2008,492,46.1,28.6,74.3,NA,NA,NA
"SEN",2009,472,44.1,27.6,69.8,NA,NA,0
"SEN",2010,447,42.4,26.8,65.7,NA,NA,0
"SEN",2011,423,40.7,26,62.1,0,1,0
"SEN",2012,400,39.2,25.3,58.7,NA,NA,0
"SEN",2013,381,37.6,24.7,55.4,NA,NA,0
"SEN",2014,364,36.2,24.2,52.3,0,1,0
"SEN",2015,346,34.7,23.7,49.4,NA,NA,NA
"SEN",2016,330,33.3,23.1,46.5,NA,NA,NA
"SEN",2017,315,32,22.4,44,NA,NA,NA
"SEN",2018,NA,30.8,21.8,41.7,0,1,NA
"SEN",2019,NA,29.8,21.1,39.7,NA,NA,0
"SGP",2000,13,3,1.6,3.9,NA,NA,NA
"SGP",2001,13,2.8,1.5,3.6,NA,NA,NA
"SGP",2002,14,2.6,1.4,3.4,NA,NA,NA
"SGP",2003,13,2.5,1.3,3.2,NA,NA,NA
"SGP",2004,14,2.4,1.3,3,NA,NA,NA
"SGP",2005,13,2.3,1.2,2.9,NA,NA,NA
"SGP",2006,13,2.3,1.2,2.9,NA,NA,NA
"SGP",2007,12,2.3,1.2,2.9,NA,NA,NA
"SGP",2008,11,2.3,1.2,2.8,NA,NA,NA
"SGP",2009,10,2.3,1.2,2.8,NA,NA,NA
"SGP",2010,10,2.3,1.1,2.8,NA,NA,NA
"SGP",2011,10,2.2,1.1,2.8,NA,NA,NA
"SGP",2012,10,2.2,1.1,2.8,NA,NA,NA
"SGP",2013,9,2.2,1,2.8,NA,NA,NA
"SGP",2014,8,2.2,1,2.7,NA,NA,NA
"SGP",2015,9,2.2,1,2.7,NA,NA,NA
"SGP",2016,8,2.2,1,2.7,NA,NA,NA
"SGP",2017,8,2.2,1,2.6,NA,NA,NA
"SGP",2018,NA,2.1,0.9,2.5,NA,NA,NA
"SGP",2019,NA,2,0.8,2.4,NA,NA,NA
"SLB",2000,245,25.6,12.8,30.7,NA,NA,NA
"SLB",2001,233,25.3,12.7,30.4,NA,NA,NA
"SLB",2002,222,25.1,12.6,30.1,NA,NA,NA
"SLB",2003,210,24.9,12.5,29.8,NA,NA,NA
"SLB",2004,199,24.7,12.3,29.6,NA,NA,NA
"SLB",2005,188,24.4,12.1,29.3,NA,NA,NA
"SLB",2006,177,24.1,11.9,28.9,NA,NA,NA
"SLB",2007,172,23.8,11.7,28.4,1,0,NA
"SLB",2008,159,23.3,11.4,27.8,NA,NA,NA
"SLB",2009,152,22.8,11.1,27.1,NA,NA,NA
"SLB",2010,141,22.2,10.8,26.4,1,0,NA
"SLB",2011,134,21.6,10.5,25.6,NA,NA,NA
"SLB",2012,127,21,10.1,24.9,NA,NA,NA
"SLB",2013,122,20.5,9.8,24.2,1,0,NA
"SLB",2014,120,19.9,9.5,23.4,NA,NA,NA
"SLB",2015,112,19.3,9.2,22.7,0,1,NA
"SLB",2016,108,18.8,8.9,22,1,0,NA
"SLB",2017,104,18.2,8.6,21.4,NA,NA,NA
"SLB",2018,NA,17.7,8.4,20.7,NA,NA,NA
"SLB",2019,NA,17.1,8.1,20,NA,NA,NA
"SLE",2000,2480,138.1,48.4,224.9,NA,NA,1
"SLE",2001,2250,135.6,47.8,219.4,NA,NA,1
"SLE",2002,2080,132.9,47.2,213.9,NA,NA,1
"SLE",2003,1960,130.2,46.5,208.1,NA,NA,0
"SLE",2004,1850,127.2,45.7,202,NA,NA,NA
"SLE",2005,1760,124.1,44.9,195.5,NA,NA,NA
"SLE",2006,1680,120.9,44.1,188.9,NA,NA,NA
"SLE",2007,1610,117.6,43.1,182,NA,NA,NA
"SLE",2008,1530,114.2,41.9,174.9,NA,NA,NA
"SLE",2009,1450,110.6,40.7,167.7,NA,NA,NA
"SLE",2010,1360,107.2,39.5,160.6,NA,NA,NA
"SLE",2011,1270,103.8,38.4,153.8,NA,NA,NA
"SLE",2012,1210,100.7,37.4,147.3,NA,NA,NA
"SLE",2013,1180,97.7,36.5,141.2,NA,NA,NA
"SLE",2014,1190,95.6,35.7,139.2,NA,NA,NA
"SLE",2015,1180,95.1,35,140.2,NA,NA,NA
"SLE",2016,1120,89.7,34.1,125.4,NA,NA,NA
"SLE",2017,1120,87.3,33.4,120.7,NA,NA,NA
"SLE",2018,NA,84.8,32.7,116.2,NA,NA,NA
"SLE",2019,NA,82.4,32,111.9,NA,NA,NA
"SLV",2000,73,27.4,15,33.2,NA,NA,NA
"SLV",2001,75,26,14.1,31.3,1,1,NA
"SLV",2002,68,24.7,13.4,29.6,NA,NA,NA
"SLV",2003,66,23.5,12.8,28.1,NA,NA,NA
"SLV",2004,64,22.4,12.1,26.6,NA,NA,NA
"SLV",2005,62,21.2,11.6,25.1,1,0,NA
"SLV",2006,60,20.2,11.1,23.8,1,0,NA
"SLV",2007,58,19.2,10.6,22.6,NA,NA,NA
"SLV",2008,57,18.3,10.1,21.4,NA,NA,NA
"SLV",2009,57,17.4,9.7,20.4,0,1,NA
"SLV",2010,54,16.6,9.3,19.4,NA,NA,NA
"SLV",2011,53,15.8,8.9,18.5,NA,NA,NA
"SLV",2012,52,15.1,8.5,17.6,NA,NA,NA
"SLV",2013,50,14.4,8.2,16.8,NA,NA,NA
"SLV",2014,49,13.8,7.8,16.1,0,1,NA
"SLV",2015,48,13.3,7.5,15.5,NA,NA,NA
"SLV",2016,47,12.8,7.2,14.9,NA,NA,NA
"SLV",2017,46,12.3,7,14.3,NA,NA,NA
"SLV",2018,NA,11.9,6.7,13.8,1,1,NA
"SLV",2019,NA,11.5,6.5,13.3,1,0,NA
"SOM",2000,1210,104.4,44.7,172.7,NA,NA,1
"SOM",2001,1170,104.4,44.9,172.7,NA,NA,1
"SOM",2002,1140,104.4,45.3,172.7,NA,NA,1
"SOM",2003,1100,104.4,45.6,172.7,NA,NA,1
"SOM",2004,1080,104.4,45.7,172.7,1,1,1
"SOM",2005,1040,104.4,45.9,172.6,0,1,1
"SOM",2006,1040,104,45.9,172,NA,NA,1
"SOM",2007,1030,103,45.5,170.1,NA,NA,1
"SOM",2008,1010,101.1,45,166.5,0,1,1
"SOM",2009,994,98.7,44.3,161.9,NA,NA,1
"SOM",2010,985,96.2,43.6,157.4,0,1,1
"SOM",2011,955,93.8,42.9,152.8,0,1,1
"SOM",2012,943,91,42.4,147.8,NA,NA,1
"SOM",2013,893,88.4,41.6,143,NA,NA,1
"SOM",2014,878,85.9,40.8,138.4,0,1,1
"SOM",2015,855,83.6,40,134.3,0,1,1
"SOM",2016,865,81.4,39.3,130.3,NA,NA,1
"SOM",2017,829,79.1,38.7,126.1,NA,NA,1
"SOM",2018,NA,76.8,38.1,122,NA,NA,1
"SOM",2019,NA,74.8,37.4,118.3,0,1,1
"SRB",2000,13,10.9,7.8,12.6,NA,NA,1
"SRB",2001,13,10.6,7.5,12.2,NA,NA,NA
"SRB",2002,13,9.9,7.1,11.5,NA,NA,0
"SRB",2003,13,9.1,6.5,10.5,NA,NA,NA
"SRB",2004,13,8.4,6,9.7,NA,NA,NA
"SRB",2005,12,7.7,5.6,8.9,NA,NA,NA
"SRB",2006,12,7.3,5.2,8.4,NA,NA,NA
"SRB",2007,12,7,5.1,8.1,NA,NA,NA
"SRB",2008,12,6.9,5,8,NA,NA,NA
"SRB",2009,12,6.7,4.9,7.8,NA,NA,NA
"SRB",2010,12,6.6,4.8,7.6,1,0,NA
"SRB",2011,12,6.4,4.7,7.4,NA,NA,NA
"SRB",2012,12,6.2,4.5,7.1,NA,NA,NA
"SRB",2013,12,5.9,4.4,6.9,NA,NA,NA
"SRB",2014,12,5.7,4.2,6.6,NA,NA,NA
"SRB",2015,13,5.4,4,6.3,NA,NA,NA
"SRB",2016,12,5.2,3.8,6,NA,NA,NA
"SRB",2017,12,5.1,3.7,5.9,NA,NA,NA
"SRB",2018,NA,5,3.6,5.8,NA,NA,NA
"SRB",2019,NA,4.9,3.6,5.7,NA,NA,NA
"SSD",2000,1730,108.9,56,181.2,NA,NA,NA
"SSD",2001,1690,104.1,54.9,172.1,NA,NA,NA
"SSD",2002,1660,99.5,53.5,163.4,NA,NA,NA
"SSD",2003,1610,95,52.3,155.1,NA,NA,NA
"SSD",2004,1550,90.7,51,147.3,NA,NA,NA
"SSD",2005,1480,86.6,49.8,139.7,NA,NA,NA
"SSD",2006,1410,82.8,48.5,132.7,NA,NA,NA
"SSD",2007,1330,79.1,47.1,126.1,NA,NA,NA
"SSD",2008,1250,75.7,45.7,119.9,NA,NA,NA
"SSD",2009,1170,72.4,44.3,114,0,1,NA
"SSD",2010,1100,69.2,43,108.4,NA,NA,NA
"SSD",2011,1070,66.4,41.7,103.5,NA,NA,NA
"SSD",2012,1050,64.5,40.9,100,NA,NA,1
"SSD",2013,1090,63.6,40.4,98.3,NA,NA,1
"SSD",2014,1140,63.3,40.3,97.9,NA,NA,1
"SSD",2015,1110,63.3,40.3,97.9,NA,NA,1
"SSD",2016,1130,63.3,40.4,97.9,0,1,1
"SSD",2017,1150,63.3,40.5,97.9,NA,NA,1
"SSD",2018,NA,63.3,40.4,97.9,NA,NA,1
"SSD",2019,NA,63.3,40.3,97.9,NA,NA,1
"STP",2000,179,54.3,22.2,82,NA,NA,NA
"STP",2001,173,51.2,21.8,76.5,NA,NA,NA
"STP",2002,169,48,21.3,71,NA,NA,NA
"STP",2003,167,45,20.6,65.6,NA,NA,NA
"STP",2004,166,42.1,19.8,60.4,NA,NA,NA
"STP",2005,163,39.3,19.1,55.5,NA,NA,NA
"STP",2006,158,36.6,18.5,50.9,NA,NA,NA
"STP",2007,154,34.2,17.9,46.7,NA,NA,NA
"STP",2008,150,31.9,17.4,42.9,NA,NA,NA
"STP",2009,145,29.7,16.8,39.3,NA,NA,NA
"STP",2010,140,27.6,16.1,36.1,NA,NA,NA
"STP",2011,137,25.7,15.1,33,NA,NA,NA
"STP",2012,134,23.7,14,30.2,NA,NA,NA
"STP",2013,132,22,13,27.7,NA,NA,NA
"STP",2014,131,20.1,12,25.3,NA,NA,NA
"STP",2015,130,18.5,11.1,23.1,NA,NA,NA
"STP",2016,130,16.9,10.2,21.2,NA,NA,NA
"STP",2017,130,15.5,9.4,19.5,NA,NA,NA
"STP",2018,NA,14.4,8.8,18.1,NA,NA,NA
"STP",2019,NA,13.5,8.2,17,NA,NA,NA
"SUR",2000,221,27.5,17.1,31.2,NA,NA,NA
"SUR",2001,218,26.6,17,30.1,NA,NA,NA
"SUR",2002,207,25.7,17,29.1,NA,NA,NA
"SUR",2003,189,24.9,17,28.2,NA,NA,NA
"SUR",2004,176,24.2,17,27.3,NA,NA,NA
"SUR",2005,164,23.5,16.8,26.5,NA,NA,NA
"SUR",2006,165,22.9,16.5,25.7,NA,NA,NA
"SUR",2007,167,22.2,16.1,25,NA,NA,NA
"SUR",2008,169,21.7,15.7,24.4,NA,NA,NA
"SUR",2009,159,21.1,15.2,23.7,NA,NA,NA
"SUR",2010,148,20.6,14.8,23.1,NA,NA,NA
"SUR",2011,139,20.1,14.3,22.5,NA,NA,NA
"SUR",2012,134,19.6,13.9,22,NA,NA,NA
"SUR",2013,129,19.1,13.4,21.4,NA,NA,NA
"SUR",2014,124,18.6,13.1,20.9,NA,NA,NA
"SUR",2015,122,18.2,12.7,20.3,NA,NA,NA
"SUR",2016,121,17.7,12.4,19.8,NA,NA,NA
"SUR",2017,120,17.2,12,19.3,NA,NA,NA
"SUR",2018,NA,16.7,11.6,18.7,NA,NA,NA
"SUR",2019,NA,16.2,11.2,18.1,NA,NA,NA
"SVK",2000,8,8.2,5,9.8,NA,NA,NA
"SVK",2001,8,7.9,4.8,9.4,NA,NA,NA
"SVK",2002,7,7.6,4.6,9.1,NA,NA,NA
"SVK",2003,7,7.3,4.3,8.8,NA,NA,NA
"SVK",2004,7,7.1,4,8.5,NA,NA,NA
"SVK",2005,7,6.8,3.8,8.2,NA,NA,NA
"SVK",2006,6,6.6,3.6,7.9,NA,NA,NA
"SVK",2007,7,6.4,3.5,7.7,NA,NA,NA
"SVK",2008,6,6.1,3.4,7.4,NA,NA,NA
"SVK",2009,6,5.9,3.4,7.2,NA,NA,NA
"SVK",2010,6,5.8,3.3,7,NA,NA,NA
"SVK",2011,6,5.6,3.3,6.8,NA,NA,NA
"SVK",2012,6,5.5,3.3,6.6,NA,NA,NA
"SVK",2013,6,5.3,3.2,6.5,NA,NA,NA
"SVK",2014,5,5.2,3.1,6.4,NA,NA,NA
"SVK",2015,6,5.1,3.1,6.2,NA,NA,NA
"SVK",2016,6,5,3,6.1,NA,NA,NA
"SVK",2017,5,4.9,3,6,NA,NA,NA
"SVK",2018,NA,4.9,3,5.9,NA,NA,NA
"SVK",2019,NA,4.8,3,5.8,NA,NA,NA
"SVN",2000,12,4.6,3.2,5.5,NA,NA,NA
"SVN",2001,10,4.3,3.1,5.2,NA,NA,NA
"SVN",2002,11,4.1,2.9,4.9,NA,NA,NA
"SVN",2003,10,3.9,2.8,4.7,NA,NA,NA
"SVN",2004,11,3.7,2.6,4.4,1,0,NA
"SVN",2005,10,3.5,2.4,4.2,NA,NA,NA
"SVN",2006,8,3.3,2.3,4,NA,NA,NA
"SVN",2007,8,3.1,2.1,3.8,NA,NA,NA
"SVN",2008,8,2.9,2,3.6,NA,NA,NA
"SVN",2009,8,2.8,1.9,3.4,NA,NA,NA
"SVN",2010,8,2.6,1.8,3.2,NA,NA,NA
"SVN",2011,8,2.5,1.7,3.1,NA,NA,NA
"SVN",2012,7,2.4,1.6,2.9,NA,NA,NA
"SVN",2013,7,2.3,1.5,2.8,NA,NA,NA
"SVN",2014,7,2.2,1.5,2.7,NA,NA,NA
"SVN",2015,7,2.1,1.4,2.6,NA,NA,NA
"SVN",2016,7,2,1.4,2.5,NA,NA,NA
"SVN",2017,7,2,1.3,2.4,NA,NA,NA
"SVN",2018,NA,1.9,1.3,2.3,NA,NA,NA
"SVN",2019,NA,1.8,1.3,2.3,NA,NA,NA
"SWE",2000,5,3.4,2.3,4.1,NA,NA,NA
"SWE",2001,5,3.4,2.3,4.1,NA,NA,NA
"SWE",2002,5,3.3,2.2,4,NA,NA,NA
"SWE",2003,5,3.2,2.1,3.9,NA,NA,NA
"SWE",2004,5,3.1,2,3.7,NA,NA,NA
"SWE",2005,5,3,1.9,3.6,NA,NA,NA
"SWE",2006,5,2.8,1.8,3.4,NA,NA,NA
"SWE",2007,5,2.7,1.8,3.3,NA,NA,NA
"SWE",2008,5,2.6,1.7,3.2,NA,NA,NA
"SWE",2009,5,2.6,1.7,3.1,NA,NA,NA
"SWE",2010,4,2.5,1.6,3.1,NA,NA,NA
"SWE",2011,5,2.5,1.6,3,NA,NA,NA
"SWE",2012,5,2.4,1.6,3,NA,NA,NA
"SWE",2013,5,2.4,1.6,2.9,NA,NA,NA
"SWE",2014,5,2.4,1.6,2.9,NA,NA,NA
"SWE",2015,4,2.3,1.6,2.9,NA,NA,NA
"SWE",2016,4,2.3,1.5,2.8,NA,NA,NA
"SWE",2017,4,2.3,1.5,2.8,NA,NA,NA
"SWE",2018,NA,2.2,1.5,2.7,NA,NA,0
"SWE",2019,NA,2.2,1.5,2.7,NA,NA,NA
"SWZ",2000,521,67.8,25.3,112.2,NA,NA,NA
"SWZ",2001,528,69,25.2,115.8,0,1,NA
"SWZ",2002,534,69.6,24.9,117.7,NA,NA,NA
"SWZ",2003,538,69.8,24.5,119.2,NA,NA,NA
"SWZ",2004,539,69.1,23.9,119.7,NA,NA,NA
"SWZ",2005,532,68.3,23.3,119.4,NA,NA,NA
"SWZ",2006,518,58.8,22.8,109,NA,NA,NA
"SWZ",2007,496,59.3,22.4,103.8,0,1,NA
"SWZ",2008,474,61.1,22.3,101.9,NA,NA,NA
"SWZ",2009,460,57.9,22.3,96,NA,NA,NA
"SWZ",2010,450,54.7,22.4,85.5,NA,NA,NA
"SWZ",2011,441,51.5,22.5,73.4,NA,NA,NA
"SWZ",2012,435,50.6,22.6,66,NA,NA,NA
"SWZ",2013,432,49.5,22.5,62.5,NA,NA,NA
"SWZ",2014,434,50.1,22.4,62.4,NA,NA,NA
"SWZ",2015,435,45.2,22.1,57.2,NA,NA,NA
"SWZ",2016,436,42.6,21.8,55.6,0,1,NA
"SWZ",2017,437,43.5,21.5,57.9,NA,NA,NA
"SWZ",2018,NA,39.4,21.1,52.2,NA,NA,NA
"SWZ",2019,NA,37.7,20.7,48,0,1,NA
"SYC",2000,53,11.8,8.7,13.8,NA,NA,NA
"SYC",2001,54,11.8,8.7,13.7,NA,NA,NA
"SYC",2002,54,11.8,8.6,13.7,NA,NA,NA
"SYC",2003,54,11.8,8.6,13.7,NA,NA,NA
"SYC",2004,55,11.8,8.6,13.7,1,0,NA
"SYC",2005,55,11.8,8.6,13.7,NA,NA,NA
"SYC",2006,55,11.9,8.6,13.8,NA,NA,NA
"SYC",2007,55,11.9,8.6,13.8,NA,NA,NA
"SYC",2008,55,12,8.6,13.9,NA,NA,NA
"SYC",2009,55,12,8.6,14,NA,NA,NA
"SYC",2010,55,12.1,8.7,14.1,NA,NA,NA
"SYC",2011,55,12.2,8.7,14.2,NA,NA,NA
"SYC",2012,55,12.4,8.8,14.4,NA,NA,NA
"SYC",2013,55,12.5,8.9,14.5,NA,NA,NA
"SYC",2014,55,12.6,8.9,14.7,NA,NA,NA
"SYC",2015,54,12.7,9,14.8,NA,NA,NA
"SYC",2016,54,12.8,9,14.8,NA,NA,NA
"SYC",2017,53,12.7,8.9,14.7,NA,NA,NA
"SYC",2018,NA,12.5,8.8,14.5,NA,NA,NA
"SYC",2019,NA,12.3,8.6,14.3,NA,NA,NA
"SYR",2000,26,19.6,12.1,23,NA,NA,NA
"SYR",2001,26,18.9,11.8,22.1,NA,NA,NA
"SYR",2002,26,18.2,11.5,21.4,NA,NA,NA
"SYR",2003,25,17.7,11.2,20.7,NA,NA,NA
"SYR",2004,26,17.2,11,20.1,NA,NA,NA
"SYR",2005,25,16.8,10.7,19.7,NA,NA,0
"SYR",2006,26,16.5,10.5,19.3,NA,NA,NA
"SYR",2007,26,16.3,10.4,19.1,NA,NA,NA
"SYR",2008,26,16.2,10.2,18.9,0,1,NA
"SYR",2009,26,16.1,10.1,18.8,NA,NA,0
"SYR",2010,27,16.2,10.1,18.9,NA,NA,NA
"SYR",2011,28,16.7,10.1,20.1,NA,NA,NA
"SYR",2012,28,23.4,10.4,37,NA,NA,1
"SYR",2013,29,26.8,10.6,45.3,NA,NA,1
"SYR",2014,30,27.7,10.8,47,NA,NA,1
"SYR",2015,30,25.6,10.8,41.6,NA,NA,1
"SYR",2016,30,25,10.9,39.5,NA,NA,1
"SYR",2017,31,18.8,10.8,23.5,NA,NA,1
"SYR",2018,NA,18.9,10.8,23.4,NA,NA,1
"SYR",2019,NA,18.4,10.8,22.2,NA,NA,1
"TCD",2000,1420,99.7,44.1,184,NA,NA,1
"TCD",2001,1410,98.2,43.2,180.5,0,1,1
"TCD",2002,1400,96.8,42.2,177.1,NA,NA,1
"TCD",2003,1370,95.3,41.4,173.8,NA,NA,1
"TCD",2004,1350,93.9,40.6,170.4,NA,NA,1
"TCD",2005,1330,92.4,39.9,166.9,NA,NA,1
"TCD",2006,1340,90.8,39.4,163.3,NA,NA,1
"TCD",2007,1300,89.2,38.9,159.6,NA,NA,1
"TCD",2008,1310,87.5,38.6,155.7,NA,NA,1
"TCD",2009,1270,85.8,38.2,151.7,0,1,1
"TCD",2010,1240,84.1,37.8,147.7,NA,NA,1
"TCD",2011,1210,82.3,37.5,143.7,NA,NA,0
"TCD",2012,1190,80.6,37.1,139.8,0,1,NA
"TCD",2013,1170,78.9,36.6,135.9,NA,NA,NA
"TCD",2014,1170,77.3,36.1,132.3,NA,NA,NA
"TCD",2015,1160,75.7,35.5,128.7,NA,NA,0
"TCD",2016,1140,74.1,35,124.9,NA,NA,1
"TCD",2017,1140,72.4,34.5,121.1,0,1,0
"TCD",2018,NA,70.7,33.8,117.3,NA,NA,1
"TCD",2019,NA,69,33.3,113.5,NA,NA,1
"TGO",2000,489,75.7,36.7,119.9,NA,NA,NA
"TGO",2001,489,73.7,35.8,116.4,NA,NA,NA
"TGO",2002,489,71.8,35,112.9,NA,NA,NA
"TGO",2003,489,69.9,34.3,109.5,NA,NA,NA
"TGO",2004,488,68,33.6,106.3,NA,NA,NA
"TGO",2005,492,66.3,32.9,103.1,NA,NA,NA
"TGO",2006,482,64.6,32.2,100.1,NA,NA,1
"TGO",2007,480,62.9,31.5,97.3,NA,NA,NA
"TGO",2008,473,61.4,30.8,94.4,NA,NA,NA
"TGO",2009,458,59.8,30.1,91.7,NA,NA,NA
"TGO",2010,440,58.3,29.5,89,NA,NA,NA
"TGO",2011,422,56.7,28.9,86.2,NA,NA,NA
"TGO",2012,410,55.2,28.4,83.5,NA,NA,NA
"TGO",2013,404,53.7,27.8,80.9,NA,NA,NA
"TGO",2014,401,52.2,27.4,78.3,NA,NA,NA
"TGO",2015,398,50.8,26.9,75.9,NA,NA,NA
"TGO",2016,395,49.4,26.4,73.4,NA,NA,NA
"TGO",2017,396,48.1,25.9,71.1,NA,NA,NA
"TGO",2018,NA,46.8,25.4,68.8,NA,NA,NA
"TGO",2019,NA,45.5,25,66.5,NA,NA,NA
"THA",2000,43,18.7,12.4,22,NA,NA,0
"THA",2001,43,17.8,11.8,20.9,NA,NA,0
"THA",2002,44,17,11.2,19.9,0,1,0
"THA",2003,44,16.2,10.7,18.9,NA,NA,0
"THA",2004,46,15.5,10.2,18,1,0,0
"THA",2005,43,14.8,9.7,17.2,0,1,1
"THA",2006,42,14.1,9.2,16.4,NA,NA,0
"THA",2007,42,13.4,8.8,15.6,NA,NA,0
"THA",2008,43,12.8,8.4,14.9,0,1,0
"THA",2009,43,12.2,8,14.2,NA,NA,0
"THA",2010,42,11.7,7.7,13.6,0,1,0
"THA",2011,41,11.2,7.3,13,1,1,0
"THA",2012,39,10.6,7,12.4,0,1,0
"THA",2013,39,10.2,6.7,11.8,NA,NA,0
"THA",2014,38,9.7,6.4,11.3,1,1,0
"THA",2015,38,9.3,6.1,10.8,0,1,0
"THA",2016,37,8.9,5.9,10.3,NA,NA,0
"THA",2017,37,8.5,5.6,9.9,NA,NA,0
"THA",2018,NA,8.1,5.4,9.4,NA,NA,0
"THA",2019,NA,7.7,5.1,9,0,1,0
"TJK",2000,53,67.6,28.4,83.6,1,1,0
"TJK",2001,52,62.9,27.2,77.2,NA,NA,1
"TJK",2002,43,58.4,26,71,1,0,NA
"TJK",2003,35,54.2,24.8,65.2,NA,NA,NA
"TJK",2004,33,50.4,23.8,60.1,1,0,NA
"TJK",2005,32,47,23.1,55.6,NA,NA,NA
"TJK",2006,29,44.1,22.5,51.9,1,0,0
"TJK",2007,27,41.7,22,48.8,1,0,0
"TJK",2008,26,39.7,21.5,46.3,0,1,NA
"TJK",2009,26,38.1,20.8,44.3,NA,NA,NA
"TJK",2010,23,36.9,20.1,42.7,1,0,0
"TJK",2011,22,35.8,19.2,41.4,1,0,1
"TJK",2012,21,35,18.3,40.3,1,0,0
"TJK",2013,20,34.2,17.5,39.4,NA,NA,NA
"TJK",2014,19,33.4,16.8,38.4,NA,NA,0
"TJK",2015,18,32.6,16.3,37.5,1,0,0
"TJK",2016,17,31.8,15.9,36.5,1,0,NA
"TJK",2017,17,30.9,15.4,35.3,NA,NA,NA
"TJK",2018,NA,30.1,15,34.3,NA,NA,NA
"TJK",2019,NA,29.2,14.5,33.3,NA,NA,0
"TKM",2000,29,57.5,29.6,69.7,1,0,NA
"TKM",2001,27,54.7,29,66,NA,NA,NA
"TKM",2002,25,51.9,28.3,62.2,NA,NA,NA
"TKM",2003,21,49.2,27.5,58.6,NA,NA,NA
"TKM",2004,20,46.7,26.7,55.2,NA,NA,NA
"TKM",2005,18,44.4,25.8,52.3,NA,NA,NA
"TKM",2006,18,42.3,25,49.6,NA,NA,NA
"TKM",2007,15,40.6,24.2,47.4,NA,NA,NA
"TKM",2008,13,39.1,23.7,45.5,NA,NA,NA
"TKM",2009,12,38,23.3,44.1,NA,NA,NA
"TKM",2010,10,37.2,23,43.1,NA,NA,NA
"TKM",2011,10,36.7,22.9,42.5,NA,NA,NA
"TKM",2012,9,36.3,22.8,42,NA,NA,NA
"TKM",2013,9,36.3,22.8,41.9,NA,NA,NA
"TKM",2014,8,36.3,23,42,NA,NA,NA
"TKM",2015,8,36.4,23.3,42.2,NA,NA,NA
"TKM",2016,8,36.7,23.5,42.5,NA,NA,NA
"TKM",2017,7,37,23.8,42.9,NA,NA,NA
"TKM",2018,NA,37,23.9,42.8,NA,NA,NA
"TKM",2019,NA,36.6,23.8,42.4,NA,NA,NA
"TLS",2000,745,84.5,37.8,107.7,NA,NA,NA
"TLS",2001,720,80.6,36,102.1,NA,NA,NA
"TLS",2002,668,76.8,34.2,96.5,NA,NA,NA
"TLS",2003,603,73,32.6,91.2,NA,NA,NA
"TLS",2004,507,69.3,31,86,NA,NA,NA
"TLS",2005,415,65.7,29.5,80.9,NA,NA,NA
"TLS",2006,348,62.1,28.3,76.1,NA,NA,NA
"TLS",2007,300,58.8,27.2,71.6,0,1,NA
"TLS",2008,269,56,26.2,67.7,NA,NA,NA
"TLS",2009,242,53.6,25.4,64.4,NA,NA,NA
"TLS",2010,219,51.4,24.7,61.5,NA,NA,NA
"TLS",2011,198,49.4,24.1,58.8,NA,NA,NA
"TLS",2012,185,47.5,23.5,56.3,NA,NA,NA
"TLS",2013,176,45.9,22.9,54.2,NA,NA,NA
"TLS",2014,168,44.3,22.4,52.1,NA,NA,NA
"TLS",2015,160,42.8,21.9,50.2,1,0,NA
"TLS",2016,152,41.4,21.4,48.4,0,1,NA
"TLS",2017,142,40.1,20.9,46.8,NA,NA,NA
"TLS",2018,NA,38.8,20.4,45.1,NA,NA,NA
"TLS",2019,NA,37.7,19.9,43.7,NA,NA,NA
"TON",2000,77,14.5,7.1,16.9,NA,NA,NA
"TON",2001,73,14.2,7,16.5,NA,NA,NA
"TON",2002,71,13.8,6.8,16,NA,NA,NA
"TON",2003,69,13.4,6.6,15.6,NA,NA,NA
"TON",2004,67,13,6.4,15.1,NA,NA,NA
"TON",2005,66,12.7,6.2,14.7,NA,NA,NA
"TON",2006,64,12.3,6,14.3,NA,NA,NA
"TON",2007,62,12,5.8,14,NA,NA,NA
"TON",2008,60,11.8,5.7,13.7,NA,NA,NA
"TON",2009,61,11.5,5.6,13.4,1,0,NA
"TON",2010,57,11.3,5.5,13.2,NA,NA,NA
"TON",2011,56,11.1,5.4,12.9,NA,NA,NA
"TON",2012,56,11,5.4,12.8,NA,NA,NA
"TON",2013,56,10.9,5.4,12.6,NA,NA,NA
"TON",2014,55,10.8,5.4,12.5,NA,NA,NA
"TON",2015,54,10.7,5.3,12.4,0,1,NA
"TON",2016,53,10.6,5.3,12.3,NA,NA,NA
"TON",2017,52,10.4,5.3,12.1,NA,NA,NA
"TON",2018,NA,10.3,5.2,11.9,NA,NA,NA
"TON",2019,NA,10,5.1,11.7,NA,NA,NA
"TTO",2000,81,24.7,18,27.9,NA,NA,NA
"TTO",2001,78,24.5,17.8,27.7,NA,NA,NA
"TTO",2002,74,24.3,17.6,27.4,NA,NA,NA
"TTO",2003,75,23.9,17.4,27,NA,NA,NA
"TTO",2004,76,23.5,17,26.4,NA,NA,NA
"TTO",2005,76,23,16.6,25.9,NA,NA,NA
"TTO",2006,73,22.4,16.2,25.2,NA,NA,NA
"TTO",2007,65,21.7,15.7,24.4,NA,NA,NA
"TTO",2008,72,21.2,15.3,23.8,NA,NA,NA
"TTO",2009,74,20.7,14.9,23.2,NA,NA,NA
"TTO",2010,71,20.1,14.4,22.5,0,1,NA
"TTO",2011,72,19.5,14,21.8,NA,NA,NA
"TTO",2012,71,18.9,13.6,21.2,NA,NA,NA
"TTO",2013,70,18.4,13.2,20.6,NA,NA,NA
"TTO",2014,69,17.8,12.8,19.9,NA,NA,NA
"TTO",2015,68,17.3,12.4,19.3,NA,NA,NA
"TTO",2016,68,16.8,12,18.8,NA,NA,NA
"TTO",2017,67,16.3,11.7,18.3,NA,NA,NA
"TTO",2018,NA,15.8,11.3,17.7,NA,NA,NA
"TTO",2019,NA,15.4,11,17.2,NA,NA,NA
"TUN",2000,66,25,18.3,29.9,NA,NA,NA
"TUN",2001,63,23.4,17.2,27.9,NA,NA,NA
"TUN",2002,60,22,16.3,26.1,NA,NA,NA
"TUN",2003,57,20.8,15.5,24.6,NA,NA,0
"TUN",2004,54,19.7,14.7,23.2,NA,NA,NA
"TUN",2005,51,18.8,14.1,22,NA,NA,NA
"TUN",2006,49,17.9,13.6,21,NA,NA,NA
"TUN",2007,47,17.2,13.2,20.2,NA,NA,NA
"TUN",2008,47,16.6,12.8,19.4,NA,NA,NA
"TUN",2009,46,16.2,12.5,18.9,NA,NA,NA
"TUN",2010,46,15.8,12.3,18.4,NA,NA,NA
"TUN",2011,46,15.5,12.2,18,NA,NA,NA
"TUN",2012,46,15.2,12.1,17.7,NA,NA,0
"TUN",2013,46,15,12.1,17.5,NA,NA,0
"TUN",2014,46,14.9,12,17.3,NA,NA,0
"TUN",2015,46,14.8,12.1,17.2,NA,NA,0
"TUN",2016,45,14.7,12.1,17.1,NA,NA,1
"TUN",2017,43,14.7,12.1,17.1,NA,NA,1
"TUN",2018,NA,14.6,12.1,17,NA,NA,0
"TUN",2019,NA,14.5,12,16.9,NA,NA,0
"TUR",2000,42,30.9,18.2,37.9,1,0,1
"TUR",2001,41,29,17.1,35.3,1,0,0
"TUR",2002,39,27.1,15.9,32.7,1,0,0
"TUR",2003,38,25.3,14.9,30.4,1,0,0
"TUR",2004,35,23.6,14,28.2,1,0,0
"TUR",2005,33,22,13,26.2,1,0,0
"TUR",2006,30,20.5,12.1,24.3,NA,NA,0
"TUR",2007,28,19.2,11.3,22.5,NA,NA,0
"TUR",2008,27,17.9,10.4,20.9,NA,NA,1
"TUR",2009,25,16.6,9.7,19.5,NA,NA,1
"TUR",2010,24,15.5,9,18.1,1,0,0
"TUR",2011,23,14.5,8.3,16.9,1,0,0
"TUR",2012,22,13.6,7.7,15.8,NA,NA,1
"TUR",2013,20,12.7,7.2,14.7,NA,NA,1
"TUR",2014,19,11.9,6.7,13.8,1,0,0
"TUR",2015,19,11.1,6.3,13,NA,NA,0
"TUR",2016,18,10.5,6,12.1,NA,NA,1
"TUR",2017,17,9.8,5.8,11.4,1,0,1
"TUR",2018,NA,9.2,5.5,10.7,NA,NA,1
"TUR",2019,NA,8.6,5.3,10.1,1,0,0
"TZA",2000,854,78.9,33.7,129.7,1,0,0
"TZA",2001,819,74.4,32.5,121.9,1,0,NA
"TZA",2002,788,69.9,31.3,114,1,0,0
"TZA",2003,763,65.6,30.2,106.5,0,1,NA
"TZA",2004,741,61.9,29.1,99.9,1,1,NA
"TZA",2005,721,58.5,28.1,93.9,1,0,NA
"TZA",2006,703,55.8,27.4,88.8,0,1,NA
"TZA",2007,685,52.9,26.6,83.8,NA,NA,NA
"TZA",2008,666,51,26,79.6,NA,NA,0
"TZA",2009,656,48.7,25.4,75.4,NA,NA,NA
"TZA",2010,644,47.1,24.9,71.9,NA,NA,NA
"TZA",2011,628,45.5,24.3,68.4,0,1,NA
"TZA",2012,615,44,23.8,65.3,NA,NA,NA
"TZA",2013,593,43,23.3,62.7,NA,NA,NA
"TZA",2014,574,41.9,22.8,59.9,NA,NA,NA
"TZA",2015,556,40.9,22.3,58.1,NA,NA,NA
"TZA",2016,539,39.7,21.9,56,1,0,NA
"TZA",2017,524,38.2,21.5,54.1,NA,NA,NA
"TZA",2018,NA,36.8,21,52.1,NA,NA,0
"TZA",2019,NA,35.8,20.6,50.5,NA,NA,0
"UGA",2000,578,87.1,32.3,146.1,NA,NA,1
"UGA",2001,550,83.4,31.4,139.3,NA,NA,1
"UGA",2002,537,79.2,30.5,131.6,0,1,1
"UGA",2003,520,74.7,29.5,123.5,NA,NA,1
"UGA",2004,512,70,28.7,115.1,NA,NA,1
"UGA",2005,491,65.6,27.9,107.1,0,1,1
"UGA",2006,473,61.6,27.3,99.6,NA,NA,1
"UGA",2007,465,57.9,26.7,92.8,NA,NA,0
"UGA",2008,455,54.5,26.1,86.8,0,1,1
"UGA",2009,442,52.1,25.5,81.5,NA,NA,0
"UGA",2010,430,49.5,25,76.3,0,1,0
"UGA",2011,419,47,24.5,71.6,NA,NA,1
"UGA",2012,412,44.3,24,66.7,NA,NA,NA
"UGA",2013,401,42.4,23.4,62.3,NA,NA,NA
"UGA",2014,394,40.6,22.7,58.8,NA,NA,NA
"UGA",2015,387,38.9,22.1,55.7,NA,NA,0
"UGA",2016,381,37.3,21.5,52.4,1,0,NA
"UGA",2017,375,35.7,20.8,49.9,NA,NA,0
"UGA",2018,NA,34.1,20.3,47.4,NA,NA,0
"UGA",2019,NA,33,19.8,45.3,NA,NA,0
"UKR",2000,35,15.7,11,18.3,NA,NA,NA
"UKR",2001,33,15,10.5,17.4,NA,NA,NA
"UKR",2002,33,14.3,9.9,16.6,NA,NA,NA
"UKR",2003,32,13.6,9.4,15.8,NA,NA,NA
"UKR",2004,33,13,9,15.1,NA,NA,NA
"UKR",2005,33,12.5,8.6,14.5,NA,NA,NA
"UKR",2006,31,12,8.3,14,NA,NA,NA
"UKR",2007,33,11.5,8,13.4,NA,NA,NA
"UKR",2008,33,11.1,7.6,12.9,NA,NA,NA
"UKR",2009,27,10.6,7.3,12.3,NA,NA,NA
"UKR",2010,25,10.1,7,11.7,NA,NA,NA
"UKR",2011,23,9.6,6.6,11.2,NA,NA,NA
"UKR",2012,24,9.2,6.3,10.7,0,1,NA
"UKR",2013,23,8.8,6,10.2,NA,NA,NA
"UKR",2014,24,8.4,5.8,9.8,NA,NA,NA
"UKR",2015,21,8.1,5.6,9.5,NA,NA,1
"UKR",2016,20,7.9,5.4,9.2,NA,NA,1
"UKR",2017,19,7.6,5.3,8.9,NA,NA,0
"UKR",2018,NA,7.4,5.1,8.6,NA,NA,1
"UKR",2019,NA,7.2,5,8.4,NA,NA,0
"URY",2000,26,14.8,8.5,17,NA,NA,NA
"URY",2001,25,14.4,8.4,16.5,NA,NA,NA
"URY",2002,25,14.1,8.2,16.2,NA,NA,NA
"URY",2003,23,13.7,8,15.7,NA,NA,NA
"URY",2004,23,13.2,7.8,15.1,NA,NA,NA
"URY",2005,22,12.5,7.3,14.4,NA,NA,NA
"URY",2006,20,11.7,6.8,13.5,NA,NA,NA
"URY",2007,20,11,6.1,12.6,NA,NA,NA
"URY",2008,19,10.3,5.4,11.8,NA,NA,NA
"URY",2009,19,9.7,5,11.2,NA,NA,NA
"URY",2010,17,9.3,4.8,10.7,NA,NA,NA
"URY",2011,17,8.9,4.8,10.3,NA,NA,NA
"URY",2012,17,8.6,5,10,NA,NA,NA
"URY",2013,18,8.3,5.1,9.7,NA,NA,NA
"URY",2014,17,8,5.2,9.3,NA,NA,NA
"URY",2015,18,7.6,5,8.9,NA,NA,NA
"URY",2016,18,7.2,4.8,8.4,NA,NA,NA
"URY",2017,17,6.8,4.4,7.8,NA,NA,NA
"URY",2018,NA,6.3,4,7.3,0,1,NA
"URY",2019,NA,5.8,4,6.7,NA,NA,NA
"USA",2000,12,7.1,4.6,8.4,1,1,NA
"USA",2001,13,7,4.6,8.3,1,0,NA
"USA",2002,13,6.9,4.6,8.2,0,1,1
"USA",2003,13,6.9,4.6,8.1,1,0,NA
"USA",2004,13,6.8,4.6,8.1,NA,NA,NA
"USA",2005,13,6.7,4.5,8,NA,NA,NA
"USA",2006,14,6.7,4.4,7.9,1,0,NA
"USA",2007,14,6.6,4.3,7.7,0,1,NA
"USA",2008,14,6.5,4.3,7.6,1,0,NA
"USA",2009,15,6.4,4.2,7.5,NA,NA,NA
"USA",2010,15,6.2,4.1,7.3,1,0,NA
"USA",2011,15,6.1,4.1,7.2,0,1,0
"USA",2012,16,6,4.1,7.1,0,1,NA
"USA",2013,16,6,4,7,NA,NA,NA
"USA",2014,16,5.9,4,6.9,1,1,NA
"USA",2015,18,5.8,3.9,6.8,0,1,NA
"USA",2016,19,5.7,3.8,6.7,1,0,0
"USA",2017,19,5.7,3.8,6.6,0,1,NA
"USA",2018,NA,5.6,3.7,6.5,0,1,0
"USA",2019,NA,5.5,3.5,6.4,1,0,NA
"UZB",2000,41,50.8,27.8,60.7,0,1,0
"UZB",2001,41,48.4,26.9,57.4,NA,NA,1
"UZB",2002,41,45.7,25.8,53.9,NA,NA,NA
"UZB",2003,39,43,24.7,50.4,NA,NA,NA
"UZB",2004,37,40.1,23.6,46.8,NA,NA,NA
"UZB",2005,38,37.4,22.4,43.4,NA,NA,0
"UZB",2006,37,34.8,21.2,40.1,NA,NA,NA
"UZB",2007,35,32.2,20,37,NA,NA,NA
"UZB",2008,34,29.8,18.4,34,NA,NA,NA
"UZB",2009,32,27.5,16.9,31.3,NA,NA,NA
"UZB",2010,31,25.4,15.5,28.7,NA,NA,0
"UZB",2011,32,23.4,14.3,26.4,1,0,NA
"UZB",2012,32,21.7,13.1,24.4,NA,NA,NA
"UZB",2013,31,20,12.1,22.5,NA,NA,NA
"UZB",2014,30,18.6,11.2,20.8,NA,NA,NA
"UZB",2015,30,17.3,10.4,19.3,NA,NA,NA
"UZB",2016,29,16.1,9.8,18,NA,NA,NA
"UZB",2017,29,15,9.2,16.8,NA,NA,NA
"UZB",2018,NA,14.1,8.6,15.8,NA,NA,NA
"UZB",2019,NA,13.3,8.1,14.8,NA,NA,NA
"VCT",2000,80,19.2,13.1,22.2,NA,NA,NA
"VCT",2001,75,19.1,13.1,22,NA,NA,NA
"VCT",2002,72,19.1,13.1,21.9,NA,NA,NA
"VCT",2003,69,19,13.1,21.7,NA,NA,NA
"VCT",2004,64,19,13,21.6,NA,NA,NA
"VCT",2005,59,18.9,12.9,21.5,NA,NA,NA
"VCT",2006,62,18.8,12.9,21.3,NA,NA,NA
"VCT",2007,67,18.7,12.9,21.1,NA,NA,NA
"VCT",2008,70,18.5,12.8,20.8,NA,NA,NA
"VCT",2009,67,18.2,12.7,20.4,NA,NA,NA
"VCT",2010,63,17.8,12.6,19.8,0,1,NA
"VCT",2011,64,17.3,12.3,19.2,NA,NA,NA
"VCT",2012,71,16.8,11.9,18.6,NA,NA,NA
"VCT",2013,73,16.2,11.5,18,NA,NA,NA
"VCT",2014,69,15.7,11,17.4,NA,NA,NA
"VCT",2015,64,15.2,10.6,16.7,NA,NA,NA
"VCT",2016,67,14.7,10.2,16.2,NA,NA,NA
"VCT",2017,68,14.3,9.8,15.6,NA,NA,NA
"VCT",2018,NA,13.8,9.4,15.1,NA,NA,NA
"VCT",2019,NA,13.4,9.1,14.6,NA,NA,NA
"VEN",2000,119,18.4,11.1,21.6,NA,NA,0
"VEN",2001,123,17.8,10.6,20.9,NA,NA,0
"VEN",2002,135,17.4,10.1,20.3,NA,NA,0
"VEN",2003,127,16.9,9.9,19.8,NA,NA,0
"VEN",2004,119,16.4,10.2,19.1,NA,NA,0
"VEN",2005,113,15.8,10.6,18.5,NA,NA,0
"VEN",2006,114,15.4,10.5,17.9,NA,NA,0
"VEN",2007,114,15,10.2,17.4,NA,NA,0
"VEN",2008,116,14.7,10.1,17.2,NA,NA,0
"VEN",2009,119,14.6,10.2,17,0,1,0
"VEN",2010,117,14.7,10.5,17.1,NA,NA,0
"VEN",2011,116,14.7,10.9,17.2,NA,NA,0
"VEN",2012,116,14.9,11.3,17.3,NA,NA,0
"VEN",2013,115,15.1,11.5,17.6,NA,NA,1
"VEN",2014,113,15.4,11.3,18,NA,NA,0
"VEN",2015,115,16.4,14.5,19.1,NA,NA,0
"VEN",2016,121,21.1,14.6,24.2,NA,NA,0
"VEN",2017,125,21.1,14.7,24.2,NA,NA,0
"VEN",2018,NA,21.1,14.6,24.2,NA,NA,0
"VEN",2019,NA,21.1,14.6,24.2,NA,NA,0
"VNM",2000,68,23.5,15,29.8,NA,NA,NA
"VNM",2001,65,22.6,14.4,28.5,NA,NA,NA
"VNM",2002,62,21.7,13.8,27.4,0,1,NA
"VNM",2003,59,21,13.3,26.4,NA,NA,NA
"VNM",2004,57,20.4,12.9,25.6,NA,NA,NA
"VNM",2005,54,19.9,12.6,24.9,0,1,NA
"VNM",2006,51,19.4,12.3,24.4,NA,NA,NA
"VNM",2007,49,19.1,12.1,23.9,NA,NA,NA
"VNM",2008,49,18.8,12,23.5,NA,NA,NA
"VNM",2009,48,18.5,11.8,23.2,NA,NA,NA
"VNM",2010,47,18.3,11.7,22.9,NA,NA,NA
"VNM",2011,47,18.1,11.6,22.7,NA,NA,NA
"VNM",2012,46,17.9,11.5,22.4,NA,NA,NA
"VNM",2013,46,17.8,11.3,22.2,NA,NA,NA
"VNM",2014,45,17.6,11.2,22,NA,NA,NA
"VNM",2015,45,17.4,11.1,21.8,0,1,NA
"VNM",2016,44,17.3,10.9,21.6,NA,NA,NA
"VNM",2017,43,17.1,10.7,21.4,NA,NA,NA
"VNM",2018,NA,17,10.5,21.3,NA,NA,NA
"VNM",2019,NA,16.9,10.2,21.1,0,1,NA
"VUT",2000,140,23.9,12,28.5,NA,NA,NA
"VUT",2001,135,23.7,11.9,28.3,NA,NA,NA
"VUT",2002,128,23.6,11.8,28.1,1,0,NA
"VUT",2003,123,23.5,11.9,28.1,NA,NA,NA
"VUT",2004,119,23.6,12,28.1,NA,NA,NA
"VUT",2005,113,23.6,12.1,28.2,NA,NA,NA
"VUT",2006,108,23.8,12.2,28.4,NA,NA,NA
"VUT",2007,103,23.9,12.3,28.6,NA,NA,NA
"VUT",2008,99,24.1,12.3,28.8,NA,NA,NA
"VUT",2009,96,24.2,12.4,29,NA,NA,NA
"VUT",2010,92,24.3,12.4,29.1,NA,NA,NA
"VUT",2011,88,24.5,12.5,29.3,NA,NA,NA
"VUT",2012,85,24.5,12.5,29.3,NA,NA,NA
"VUT",2013,82,24.3,12.4,29.1,NA,NA,NA
"VUT",2014,80,24.1,12.2,28.8,NA,NA,NA
"VUT",2015,76,23.6,12,28.2,NA,NA,NA
"VUT",2016,74,23.2,11.7,27.6,NA,NA,NA
"VUT",2017,72,22.7,11.5,26.9,NA,NA,NA
"VUT",2018,NA,22.2,11.1,26.3,NA,NA,NA
"VUT",2019,NA,21.6,10.9,25.6,NA,NA,NA
"WSM",2000,88,18.1,8.7,21.2,NA,NA,NA
"WSM",2001,85,17.6,8.4,20.6,NA,NA,NA
"WSM",2002,84,17.1,8.2,20.1,NA,NA,NA
"WSM",2003,80,16.8,8,19.7,NA,NA,NA
"WSM",2004,74,16.6,7.8,19.4,NA,NA,NA
"WSM",2005,72,16.5,7.8,19.3,NA,NA,NA
"WSM",2006,66,16.5,7.7,19.3,NA,NA,NA
"WSM",2007,62,16.5,7.7,19.3,NA,NA,NA
"WSM",2008,60,16.5,7.8,19.3,NA,NA,NA
"WSM",2009,58,18.8,7.9,25.7,1,0,NA
"WSM",2010,58,16.6,7.8,19.3,NA,NA,NA
"WSM",2011,54,16.5,7.8,19.2,NA,NA,NA
"WSM",2012,52,16.4,7.7,19.1,NA,NA,NA
"WSM",2013,48,16.2,7.6,18.9,NA,NA,NA
"WSM",2014,47,16.1,7.5,18.7,NA,NA,NA
"WSM",2015,45,15.9,7.4,18.6,0,1,NA
"WSM",2016,44,15.7,7.3,18.4,NA,NA,NA
"WSM",2017,43,15.5,7.2,18.1,NA,NA,NA
"WSM",2018,NA,15.3,7,17.8,NA,NA,NA
"WSM",2019,NA,15,6.9,17.4,NA,NA,NA
"YEM",2000,301,68.8,37,95,NA,NA,NA
"YEM",2001,290,65.8,36,90.3,NA,NA,NA
"YEM",2002,278,62.8,35,85.7,NA,NA,NA
"YEM",2003,266,60,34,81.2,NA,NA,NA
"YEM",2004,254,57.3,32.9,76.9,NA,NA,0
"YEM",2005,242,54.8,32,73,NA,NA,1
"YEM",2006,230,52.3,31,69.1,NA,NA,NA
"YEM",2007,219,50,30,65.6,NA,NA,NA
"YEM",2008,208,48,29.1,62.4,NA,NA,NA
"YEM",2009,200,46.4,28.5,60.1,NA,NA,0
"YEM",2010,192,45.5,28.1,58.8,NA,NA,1
"YEM",2011,187,45.3,28,58.5,NA,NA,1
"YEM",2012,184,45.4,28,58.8,NA,NA,1
"YEM",2013,175,45.2,28.1,58.4,NA,NA,1
"YEM",2014,174,45.4,28.1,58.7,NA,NA,1
"YEM",2015,169,46.1,28.2,60.7,NA,NA,1
"YEM",2016,165,46,28.2,60.3,NA,NA,1
"YEM",2017,164,45.9,28.2,60.2,NA,NA,1
"YEM",2018,NA,46.5,28.2,61.6,NA,NA,1
"YEM",2019,NA,46.4,28.2,61.5,NA,NA,1
"ZAF",2000,160,47.7,16.9,71.5,NA,NA,0
"ZAF",2001,168,47.8,16.4,73.1,NA,NA,0
"ZAF",2002,177,47.9,15.9,74.3,NA,NA,NA
"ZAF",2003,186,48.4,15.4,75.7,NA,NA,0
"ZAF",2004,195,49.4,14.8,77.7,0,1,NA
"ZAF",2005,201,49.4,14.4,78.8,1,0,0
"ZAF",2006,201,48.7,13.9,79.2,NA,NA,NA
"ZAF",2007,199,46.6,13.4,75.3,NA,NA,NA
"ZAF",2008,191,43,13,68.9,NA,NA,NA
"ZAF",2009,179,38.4,12.5,60.3,NA,NA,NA
"ZAF",2010,171,34.4,12,52,NA,NA,NA
"ZAF",2011,161,32.1,11.6,45.6,NA,NA,0
"ZAF",2012,143,31,11.3,41.5,NA,NA,NA
"ZAF",2013,133,30.1,11.1,39.3,NA,NA,NA
"ZAF",2014,128,29.4,11,37.6,1,0,NA
"ZAF",2015,125,28.6,11.1,36.3,0,1,NA
"ZAF",2016,122,28,11.1,35.2,NA,NA,0
"ZAF",2017,119,27.6,11.1,34.6,0,1,0
"ZAF",2018,NA,26.9,11,33.9,NA,NA,NA
"ZAF",2019,NA,26.3,10.8,33,0,1,0
"ZMB",2000,528,90.2,34.3,155.9,NA,NA,NA
"ZMB",2001,491,85.3,33.3,146.9,NA,NA,0
"ZMB",2002,465,79.2,31.9,136.1,NA,NA,0
"ZMB",2003,453,73.2,30.5,125.4,NA,NA,NA
"ZMB",2004,437,67.1,29.1,115.2,NA,NA,NA
"ZMB",2005,421,61.9,27.9,106.2,0,1,NA
"ZMB",2006,406,58.4,27.1,98.5,NA,NA,NA
"ZMB",2007,387,56.7,26.6,93.2,NA,NA,NA
"ZMB",2008,356,54.5,26.3,88.7,NA,NA,NA
"ZMB",2009,329,52.9,26.1,83.6,NA,NA,NA
"ZMB",2010,305,51.2,26,79,NA,NA,NA
"ZMB",2011,283,50.1,25.8,76.8,NA,NA,NA
"ZMB",2012,267,49.1,25.6,74.7,NA,NA,NA
"ZMB",2013,254,46.6,25.5,71.1,NA,NA,NA
"ZMB",2014,242,46,25.4,68.3,NA,NA,NA
"ZMB",2015,232,46.9,25.3,67.7,NA,NA,NA
"ZMB",2016,222,45.6,25.2,65.3,NA,NA,NA
"ZMB",2017,213,44.3,25,64.6,NA,NA,NA
"ZMB",2018,NA,43.9,24.7,65.4,NA,NA,NA
"ZMB",2019,NA,42.9,24.4,64.1,0,1,NA
"ZWE",2000,579,51.9,24.6,95.5,NA,NA,0
"ZWE",2001,629,51.1,25.2,93.8,0,1,NA
"ZWE",2002,666,50.7,26.1,92.6,NA,NA,0
"ZWE",2003,680,50.4,27.2,91.6,NA,NA,NA
"ZWE",2004,686,51.2,28.2,92.4,NA,NA,0
"ZWE",2005,685,51.7,29.1,93.1,NA,NA,NA
"ZWE",2006,680,53.4,30,95,NA,NA,NA
"ZWE",2007,671,54.6,30.7,95.7,0,1,NA
"ZWE",2008,657,54.5,31.2,94.5,NA,NA,0
"ZWE",2009,632,54,31.2,91.3,NA,NA,1
"ZWE",2010,598,52.1,30.8,86.4,0,1,0
"ZWE",2011,557,50.8,30.1,80.8,NA,NA,NA
"ZWE",2012,528,46.5,29.4,72.2,NA,NA,0
"ZWE",2013,509,44.8,28.7,66.3,0,1,0
"ZWE",2014,494,42.9,28.2,62.7,NA,NA,NA
"ZWE",2015,480,42.1,27.8,61.3,NA,NA,NA
"ZWE",2016,468,40.8,27.4,58.7,NA,NA,NA
"ZWE",2017,458,39.9,27,57,0,1,NA
"ZWE",2018,NA,38.8,26.6,54.8,NA,NA,NA
"ZWE",2019,NA,38.1,26.2,54.2,NA,NA,0
"SCG",2002,NA,NA,NA,NA,1,0,NA
"TWN",2002,NA,NA,NA,NA,1,0,NA
"GLP",2004,NA,NA,NA,NA,1,0,NA
"TWN",2006,NA,NA,NA,NA,1,0,NA
"MTQ",2007,NA,NA,NA,NA,1,0,NA
"ASM",2009,NA,NA,NA,NA,1,0,NA
"TWN",2010,NA,NA,NA,NA,1,0,NA
"TUV",2011,NA,NA,NA,NA,0,1,NA
"TWN",2013,NA,NA,NA,NA,1,0,NA
"PLW",2015,NA,NA,NA,NA,0,1,NA
"TWN",2016,NA,NA,NA,NA,1,0,NA
"TWN",2018,NA,NA,NA,NA,1,0,NA
